Numero,Nom,Simbol,Cap de mercat,Preu,Oferta circulant,Volum 24 hores,% 1h,% 2h,% 7d
1,BTCBitcoin,BTC,"$95,482,511,328",$5737.58,"16,641,600","$2,046,150,000",-0.63%,-3.95%,0.95%
2,ETHEthereum,ETH,"$26,734,978,165",$280.61,"95,274,842","$389,707,000",0.13%,-5.50%,-17.05%
3,XRPRipple,XRP,"$7,376,554,874",$0.191442,"38,531,538,922*","$80,158,600",-0.56%,-6.43%,-29.90%
4,BCHBitcoin Cash,BCH,"$5,189,186,020",$310.57,"16,708,588","$172,799,000",-1.56%,-8.56%,-1.16%
5,LTCLitecoin,LTC,"$2,842,605,633",$53.13,"53,502,432","$146,651,000",-0.80%,-7.40%,-17.27%
6,DASHDash,DASH,"$2,060,031,422",$269.68,"7,638,686","$39,487,400",0.52%,-2.35%,-11.73%
7,XEMNEM,XEM,"$1,771,911,000",$0.196879,"8,999,999,999*","$4,521,480",-1.26%,-8.51%,-11.15%
8,BCCBitConnect,BCC,"$1,410,490,481",$194.76,"7,242,049","$13,698,200",-0.83%,-5.34%,-0.82%
9,NEONEO,NEO,"$1,329,530,000",$26.59,"50,000,000*","$26,277,400",-1.28%,-5.03%,-4.56%
10,XMRMonero,XMR,"$1,267,747,602",$83.09,"15,256,660","$24,903,500",-0.54%,-4.90%,-13.02%
11,MIOTAIOTA,MIOTA,"$1,025,705,045",$0.369021,"2,779,530,283*","$10,717,700",0.09%,-8.59%,-17.85%
12,ETCEthereum Classic,ETC,"$973,321,575",$10.06,"96,738,185","$30,200,700",-0.34%,-7.58%,-15.76%
13,QTUMQtum,QTUM,"$720,068,145",$9.78,"73,608,160*","$44,637,100",-0.30%,-8.70%,-8.33%
14,OMGOmiseGO,OMG,"$704,501,015",$7.17,"98,312,024*","$14,055,700",-0.02%,-6.66%,-8.04%
15,ADACardano,ADA,"$660,004,693",$0.025456,"25,927,070,538*","$3,077,850",0.72%,-8.81%,-12.64%
16,XLMStellar Lumens,XLM,"$555,051,424",$0.033461,"16,587,812,333*","$36,754,000",0.51%,3.75%,-14.54%
17,LSKLisk,LSK,"$526,196,591",$4.62,"113,914,845*","$7,605,030",1.23%,-2.56%,-3.78%
18,ZECZcash,ZEC,"$498,289,849",$202.47,"2,461,019","$22,638,300",-0.20%,-6.48%,-13.29%
19,USDTTether,USDT,"$437,371,481",$1.00,"437,061,167*","$177,837,000",-0.17%,-0.10%,0.06%
20,STRATStratis,STRAT,"$364,582,065",$3.70,"98,593,250*","$16,297,100",5.14%,23.62%,24.91%
21,WAVESWaves,WAVES,"$352,451,000",$3.52,"100,000,000*","$8,301,990",0.97%,-1.28%,-7.75%
22,HSRHshare,HSR,"$332,080,431",$9.84,"33,759,779","$12,408,100",-0.16%,-6.46%,-12.33%
23,BCNBytecoin,BCN,"$258,829,125",$0.001412,"183,253,534,612","$864,182",-0.53%,-4.82%,-0.37%
24,ARKArk,ARK,"$241,776,657",$2.47,"97,981,284*","$1,203,440",0.08%,-6.07%,-9.01%
25,STEEMSteem,STEEM,"$217,106,964",$0.887500,"244,627,565","$727,201",-3.58%,-9.05%,-14.80%
26,EOSEOS,EOS,"$204,090,644",$0.482008,"423,417,545*","$5,815,760",-0.87%,-6.09%,-15.58%
27,ARDRArdor,ARDR,"$189,366,348",$0.189556,"998,999,495*","$532,296",-0.88%,-7.05%,-25.24%
28,REPAugur,REP,"$177,183,600",$16.11,"11,000,000*","$607,184",-0.59%,-4.24%,-14.89%
29,PIVXPIVX,PIVX,"$172,509,087",$3.14,"54,979,296*","$246,123",-1.56%,-6.38%,-16.98%
30,FRSTFirstCoin,FRST,"$171,095,101",$13.80,"12,400,981","$1,568,380",-0.39%,-2.71%,-0.77%
31,PAYTenX,PAY,"$169,917,637",$1.62,"104,661,310*","$1,503,180",-1.60%,-9.17%,-13.14%
32,WTCWalton,WTC,"$166,610,142",$6.69,"24,898,178*","$5,643,120",0.88%,-2.34%,8.64%
33,GNTGolem,GNT,"$157,241,454",$0.188758,"833,032,000*","$1,641,430",0.45%,-5.97%,-11.92%
34,KMDKomodo,KMD,"$155,505,549",$1.54,"100,945,510","$850,607",-1.65%,-9.96%,-10.03%
35,TRXTRON,TRX,"$151,537,360",$0.002316,"65,425,271,465*","$233,838",0.48%,-6.06%,4.52%
36,MONAMonaCoin,MONA,"$149,264,702",$2.72,"54,820,900","$2,220,850",2.06%,-9.54%,-19.75%
37,GASGas,GAS,"$148,639,303",$17.29,"8,597,035*","$667,192",-8.08%,-16.47%,-17.63%
38,MAIDMaidSafeCoin,MAID,"$146,841,944",$0.324475,"452,552,412*","$1,451,310",0.22%,-5.61%,-21.61%
39,GAMEGameCredits,GAME,"$143,487,980",$2.23,"64,355,352","$6,357,190",-4.44%,15.78%,18.98%
40,DCRDecred,DCR,"$140,297,896",$23.33,"6,014,296","$455,551",-1.62%,-7.13%,-13.57%
41,SALTSALT,SALT,"$139,427,536",$2.98,"46,751,837*","$12,770,800",-1.99%,9.41%,-5.43%
42,BTSBitShares,BTS,"$132,771,273",$0.051048,"2,600,890,000*","$2,155,110",0.83%,-0.56%,-15.73%
43,BATBasic Attenti...,BAT,"$131,833,000",$0.131833,"1,000,000,000*","$1,183,800",-0.53%,-5.78%,-15.08%
44,MTLMetal,MTL,"$128,285,794",$6.65,"19,300,994*","$1,706,810",-2.20%,-4.50%,-9.29%
45,FCTFactom,FCT,"$127,040,097",$14.53,"8,745,102*","$954,582",-0.41%,-4.33%,-13.69%
46,KNCKyber Network,KNC,"$121,747,957",$0.907668,"134,132,697*","$1,294,870",-1.57%,-11.62%,-19.49%
47,VERIVeritaseum,VERI,"$119,516,623",$58.99,"2,026,045*","$335,256",-1.01%,-8.50%,-24.21%
48,DGDDigixDAO,DGD,"$115,890,200",$57.95,"2,000,000*","$151,437",-0.90%,-9.11%,-13.12%
49,PPTPopulous,PPT,"$114,923,807",$2.79,"41,252,246*","$270,551",-1.57%,-3.56%,-15.63%
50,ICNIconomi,ICN,"$110,412,864",$1.11,"99,900,350*","$681,567",0.08%,-4.68%,-22.15%
51,ETPMetaverse ETP,ETP,"$110,180,650",$4.88,"22,600,000","$12,170,000",4.19%,-2.09%,-0.63%
52,BNBBinance Coin,BNB,"$109,482,750",$1.11,"99,014,000*","$2,295,570",-2.59%,-8.95%,-23.22%
53,VTCVertcoin,VTC,"$109,271,721",$2.69,"40,575,000","$64,573,000",2.26%,-31.43%,62.11%
54,DOGEDogecoin,DOGE,"$109,107,623",$0.000978,"111,615,968,814","$2,989,610",-1.85%,-7.59%,-15.08%
55,RECRegalcoin,REC,"$108,136,949",$38.48,"2,810,000","$5,017,870",-0.51%,-3.52%,23.11%
56,SCSiacoin,SC,"$104,422,906",$0.003443,"30,327,020,222","$847,013",-0.82%,-7.35%,-22.69%
57,BLOCKBlocknet,BLOCK,"$103,662,423",$21.36,"4,853,519*","$114,248",-1.69%,-1.09%,4.90%
58,GBYTEByteball Bytes,GBYTE,"$100,702,293",$172.47,"583,896*","$188,141",-2.65%,-14.00%,-1.45%
59,BTCDBitcoinDark,BTCD,"$94,859,612",$73.60,"1,288,862","$102,164",-1.47%,-8.27%,-16.16%
60,CVCCivic,CVC,"$94,802,854",$0.278668,"340,200,000*","$1,856,930",0.05%,-6.85%,-12.81%
61,ZRX0x,ZRX,"$93,786,500",$0.187573,"500,000,000*","$1,155,680",-0.30%,-7.53%,-2.44%
62,LKKLykke,LKK,"$93,389,930",$0.347112,"269,048,405*","$487,905",-3.77%,-6.99%,-10.81%
63,SYSSyscoin,SYS,"$89,573,183",$0.169528,"528,368,073","$807,035",-0.04%,-3.14%,4.33%
64,ATMATMChain,ATM,"$88,614,276",$0.030415,"2,913,534,434*","$3,959,670",5.60%,16.62%,-19.32%
65,GNOGnosis,GNO,"$83,250,297",$75.37,"1,104,590*","$2,450,040",-1.24%,0.73%,-17.01%
66,LINKChainLink,LINK,"$81,551,750",$0.233005,"350,000,000*","$2,357,740",-1.79%,-16.43%,-47.06%
67,SNTStatus,SNT,"$81,092,712",$0.023366,"3,470,483,788*","$1,489,540",-0.92%,-8.69%,-16.76%
68,MCOMonaco,MCO,"$76,629,147",$7.81,"9,814,875*","$2,514,960",1.03%,-3.26%,0.78%
69,SNGLSSingularDTV,SNGLS,"$75,957,000",$0.126595,"600,000,000*","$1,032,220",-0.96%,-6.22%,-17.95%
70,BNTBancor,BNT,"$75,010,258",$1.84,"40,772,871*","$982,969",-0.27%,-8.35%,-21.52%
71,DGBDigiByte,DGB,"$73,023,783",$0.008353,"8,742,253,657","$1,861,370",-0.48%,-4.30%,-23.49%
72,FUNFunFair,FUN,"$71,959,600",$0.017990,"4,000,000,000*","$1,025,310",0.24%,-3.09%,-38.96%
73,BTMBytom,BTM,"$71,380,728",$0.072321,"987,000,000*","$93,218",-0.71%,-11.64%,-26.20%
74,MCAPMCAP,MCAP,"$68,328,615",$1.78,"38,295,641*","$573,070",-2.53%,-3.37%,-24.36%
75,PURAPura,PURA,"$67,704,691",$0.394608,"171,574,553","$286,085",-0.81%,5.75%,-7.95%
76,XVGVerge,XVG,"$66,876,305",$0.004727,"14,146,260,451","$1,245,280",4.55%,-0.46%,-8.01%
77,GXSGXShares,GXS,"$64,299,498",$1.59,"40,510,000*","$2,129,440",-1.09%,-4.69%,-10.10%
78,VENVeChain,VEN,"$63,044,244",$0.227463,"277,162,633*","$411,528",-0.88%,-5.64%,0.48%
79,AEAeternity,AE,"$59,233,571",$0.254199,"233,020,472*","$437,948",-2.52%,-12.71%,-27.78%
80,NXSNexus,NXS,"$57,923,961",$1.09,"53,279,580","$635,959",0.54%,-11.68%,-20.71%
81,NXTNxt,NXT,"$57,044,095",$0.057101,"998,999,942*","$2,771,000",-0.73%,-6.28%,-19.49%
82,BDLBitdeal,BDL,"$54,673,278",$0.349999,"156,209,812","$136,357",-1.51%,-12.43%,-18.43%
83,BQXBitquence,BQX,"$54,498,220",$0.760745,"71,637,960*","$845,661",0.76%,6.90%,28.60%
84,ZENZenCash,ZEN,"$54,366,347",$23.33,"2,330,099","$6,106,360",0.65%,-1.05%,235.06%
85,NEBLNeblio,NEBL,"$53,849,560",$4.31,"12,485,696*","$273,518",0.55%,10.55%,55.24%
86,PARTParticl,PART,"$51,929,599",$6.70,"7,746,917*","$147,403",1.10%,-2.95%,11.87%
87,UBQUbiq,UBQ,"$51,490,407",$1.34,"38,487,141","$631,294",5.63%,-0.51%,14.91%
88,ANTAragon,ANT,"$50,691,245",$1.55,"32,683,997*","$453,020",-1.05%,2.04%,-7.10%
89,ATBATBCoin,ATB,"$46,434,664",$1.21,"38,524,440","$1,702,590",3.21%,3.21%,-11.03%
90,NAVNAV Coin,NAV,"$46,273,291",$0.747135,"61,934,311*","$959,844",-0.49%,-4.74%,18.77%
91,SMARTSmartCash,SMART,"$44,432,508",$0.060103,"739,271,486*","$64,059",3.66%,-13.19%,48.92%
92,TAASTaaS,TAAS,"$43,765,530",$5.37,"8,146,001*","$308,273",1.41%,-7.15%,-4.22%
93,XASAsch,XAS,"$43,583,925",$0.581119,"75,000,000","$360,243",-1.04%,21.03%,59.64%
94,ADXAdEx,ADX,"$43,245,566",$0.767776,"56,325,759*","$2,188,880",0.41%,-2.86%,-13.08%
95,KINKin,KIN,"$42,784,385",$0.000057,"756,097,560,976*","$67,846",-4.33%,-18.95%,-15.39%
96,LRCLoopring,LRC,"$42,165,258",$0.147343,"286,170,756*","$184,020",-0.72%,-7.10%,-9.30%
97,NLC2NoLimitCoin,NLC2,"$41,913,457",$0.205423,"204,034,878*","$116,849",1.67%,-8.67%,19.72%
98,IOCI/O Coin,IOC,"$41,383,566",$2.53,"16,374,810*","$118,733",2.01%,-3.95%,-16.42%
99,MGOMobileGo,MGO,"$39,961,378",$0.407649,"98,028,887*","$385,881",-0.70%,-2.76%,1.61%
100,XZCZCoin,XZC,"$37,402,174",$11.42,"3,273,742","$1,153,700",1.39%,-3.35%,20.93%
101,DNTdistrict0x,DNT,"$36,359,340",$0.060599,"600,000,000*","$4,291,350",1.43%,-0.47%,34.98%
102,SNMSONM,SNM,"$36,305,935",$0.100962,"359,600,000*","$746,791",0.81%,-2.75%,-2.18%
103,WINGSWings,WINGS,"$35,979,052",$0.401067,"89,708,333*","$339,808",-0.02%,-5.42%,-12.54%
104,RLCiExec RLC,RLC,"$34,037,525",$0.430469,"79,070,793*","$138,541",0.24%,-5.12%,-11.46%
105,DCNDentacoin,DCN,"$33,962,126",$0.000112,"303,095,254,787*","$28,601",-7.94%,-13.26%,-6.66%
106,ASTAirSwap,AST,"$33,754,650",$0.225031,"150,000,000*","$1,690,830",-0.73%,-7.30%,?
107,QRLQuantum Resis...,QRL,"$33,555,912",$0.645306,"52,000,000*","$360,768",-0.70%,-1.76%,5.88%
108,EDGEdgeless,EDG,"$33,551,107",$0.408929,"82,046,288*","$500,680",-0.37%,-6.89%,-20.93%
109,MLNMelon,MLN,"$33,437,589",$55.79,"599,400*","$248,137",-1.62%,-8.58%,-23.74%
110,NLGGulden,NLG,"$32,443,531",$0.091406,"354,938,745","$130,719",1.39%,0.02%,-9.68%
111,FAIRFairCoin,FAIR,"$31,817,731",$0.598147,"53,193,831*","$6,325",-1.25%,-5.63%,-6.79%
112,CTRCentra,CTR,"$31,551,456",$0.463992,"68,000,000*","$839,724",-3.09%,-17.54%,-45.78%
113,REQRequest Network,REQ,"$30,180,235",$0.047453,"636,000,000*","$1,051,680",-1.33%,-3.68%,?
114,SUBSubstratum,SUB,"$29,905,568",$0.132272,"226,091,449*","$485,886",-2.09%,-7.65%,28.40%
115,STORJStorj,STORJ,"$29,774,820",$0.299053,"99,563,691*","$180,627",-1.99%,-9.13%,-22.11%
116,CLOAKCloakCoin,CLOAK,"$28,939,347",$5.65,"5,119,046*","$257,382",-1.29%,2.31%,-3.21%
117,TKNTokenCard,TKN,"$28,756,847",$1.22,"23,644,056*","$394,857",-0.47%,-2.39%,2.90%
118,ENGEnigma,ENG,"$28,631,720",$0.382592,"74,836,171*","$530,224",-0.71%,-11.97%,-38.62%
119,PPCPeercoin,PPC,"$28,239,633",$1.16,"24,397,935","$150,987",-0.36%,-5.42%,-9.10%
120,UNITYSuperNET,UNITY,"$27,411,074",$33.59,"816,061*",$570,-0.86%,15.24%,2.54%
121,DCTDECENT,DCT,"$26,296,833",$0.512548,"51,306,089*","$558,384",-4.36%,17.52%,20.17%
122,TRSTWeTrust,TRST,"$26,209,882",$0.284434,"92,147,500*","$241,294",0.38%,-5.69%,1.78%
123,RDDReddCoin,RDD,"$26,092,492",$0.000911,"28,648,920,868*","$470,003",1.51%,-7.62%,-17.86%
124,RISERise,RISE,"$25,420,455",$0.224683,"113,139,200*","$284,846",2.12%,-5.25%,-15.05%
125,VIAViacoin,VIA,"$25,309,551",$1.11,"22,866,494","$5,347,930",3.41%,10.84%,3.88%
126,PLRPillar,PLR,"$24,599,852",$0.108186,"227,384,800*","$162,381",1.51%,-4.42%,50.96%
127,BMCBlackmoon Crypto,BMC,"$24,508,349",$0.815606,"30,049,251*","$617,944",0.56%,-1.35%,-1.08%
128,LEOLEOcoin,LEO,"$24,444,728",$0.265419,"92,098,636*","$26,405",-0.69%,-2.91%,8.84%
129,CFICofound.it,CFI,"$23,904,920",$0.073554,"325,000,000*","$337,878",9.50%,-7.33%,-13.26%
130,BQbitqy,BQ,"$23,263,465",$0.019546,"1,190,178,404*","$65,582",13.02%,19.67%,50.49%
131,AEONAeon,AEON,"$23,134,444",$1.58,"14,651,140","$148,976",-2.57%,-2.79%,-10.33%
132,MDAMoeda Loyalty...,MDA,"$22,839,781",$1.16,"19,628,888*","$218,955",-0.18%,-7.09%,-23.51%
133,TGTTarget Coin,TGT,"$22,605,066",$0.023734,"952,429,892*","$220,551",15.65%,29.31%,-14.42%
134,XAURXaurum,XAUR,"$22,597,842",$0.177783,"127,109,126*","$114,271",-1.41%,-3.87%,15.08%
135,1STFirstBlood,1ST,"$21,485,076",$0.251116,"85,558,371*","$402,191",-1.25%,-12.20%,1.59%
136,EDOEidoo,EDO,"$20,861,575",$1.95,"10,708,403*","$783,468",-0.13%,-12.87%,?
137,DICEEtheroll,DICE,"$20,787,117",$2.97,"7,001,623*","$31,349",0.08%,-1.34%,-8.84%
138,XELElastic,XEL,"$20,675,080",$0.237710,"86,976,062*","$285,454",3.10%,-5.91%,-25.20%
139,CRWCrown,CRW,"$20,673,974",$1.32,"15,716,753","$37,364",-1.18%,-11.37%,4.66%
140,BAYBitBay,BAY,"$20,402,613",$0.020245,"1,007,800,210*","$20,937",-3.90%,-8.60%,-17.41%
141,MANADecentraland,MANA,"$20,269,372",$0.008914,"2,273,755,650*","$566,470",-2.33%,-7.95%,-28.02%
142,CMPCompcoin,CMP,"$20,189,099",$4.70,"4,297,098","$38,029",-6.23%,-17.81%,-19.05%
143,RBYRubycoin,RBY,"$20,154,514",$0.809385,"24,901,022*","$931,506",-1.05%,-13.98%,-31.67%
144,CNDCindicator,CND,"$19,602,382",$0.013557,"1,445,976,590*","$152,137",-2.44%,-6.30%,-28.74%
145,SAFEXSafe Exchange...,SAFEX,"$19,461,291",$0.009062,"2,147,483,647*","$420,481",-4.11%,-12.68%,-0.57%
146,XCPCounterparty,XCP,"$19,433,637",$7.42,"2,617,558*","$203,674",-1.41%,-4.36%,-28.35%
147,EMCEmercoin,EMC,"$18,974,971",$0.464213,"40,875,569","$39,874",-1.54%,-6.64%,-16.55%
148,SKYSkycoin,SKY,"$18,865,434",$3.18,"5,933,198*","$17,681",-0.55%,-7.98%,-5.04%
149,TRIGTriggers,TRIG,"$18,832,682",$0.586586,"32,105,578*","$928,934",0.83%,-8.90%,10.81%
150,TNTTierion,TNT,"$18,297,504",$0.043306,"422,513,667*","$359,866",-0.29%,-12.63%,-20.95%
151,XRLRialto,XRL,"$18,075,080",$0.212648,"85,000,000*","$29,035",-2.59%,9.14%,-6.90%
152,CDTCoinDash,CDT,"$18,022,074",$0.032471,"555,015,474*","$277,817",0.04%,-8.84%,-13.50%
153,IONION,ION,"$17,559,302",$1.03,"17,105,493*","$19,992",-1.61%,-7.17%,-20.21%
154,TCCThe ChampCoin,TCC,"$17,470,087",$0.105927,"164,925,727*","$159,164",0.72%,0.45%,-21.47%
155,SIBSIBCoin,SIB,"$17,317,627",$1.11,"15,670,784","$74,589",-0.27%,-4.07%,-14.75%
156,VIBViberate,VIB,"$17,181,120",$0.143176,"120,000,000*","$637,385",-2.84%,1.59%,2.13%
157,PEPECASHPepe Cash,PEPECASH,"$16,742,952",$0.023854,"701,884,009*",$915,-0.55%,1.35%,-4.57%
158,NMCNamecoin,NMC,"$16,691,478",$1.13,"14,736,400","$80,069",0.02%,-7.44%,-2.37%
159,XPAXPlay,XPA,"$16,355,600",$0.016356,"1,000,000,000*",$940,-0.33%,-8.56%,-18.30%
160,PPYPeerplays,PPY,"$16,200,400",$4.24,"3,816,960*","$6,429",-0.03%,4.47%,-12.48%
161,MTHMonetha,MTH,"$15,872,534",$0.073206,"216,819,832*","$178,997",-3.00%,-12.83%,-21.11%
162,AVTAventus,AVT,"$15,846,660",$2.64,"6,000,000*","$791,698",-0.78%,-12.48%,-28.65%
163,EVXEverex,EVX,"$15,601,031",$0.945517,"16,500,000*","$466,649",0.79%,-15.82%,-27.60%
164,KICKKickCoin,KICK,"$15,498,720",$0.048262,"321,137,782*","$190,315",-1.10%,-19.23%,-37.23%
165,PPPPayPie,PPP,"$15,054,270",$0.182476,"82,500,000*","$55,632",-10.66%,-11.05%,-22.83%
166,NMRNumeraire,NMR,"$14,906,590",$11.94,"1,248,667*","$93,165",2.12%,-3.12%,5.81%
167,UNOUnobtanium,UNO,"$14,814,819",$74.89,"197,831","$4,007,770",-0.59%,-4.15%,44.38%
168,DMDDiamond,DMD,"$14,617,980",$5.89,"2,480,150","$237,507",-10.69%,-20.58%,-22.26%
169,ENRGEnergycoin,ENRG,"$14,530,683",$0.119766,"121,325,608","$97,911",-0.74%,-12.50%,8.89%
170,ADTadToken,ADT,"$14,358,300",$0.023931,"600,000,000*","$80,194",-2.99%,-12.75%,-27.77%
171,LBCLBRY Credits,LBC,"$14,211,388",$0.136131,"104,394,945","$254,939",-0.95%,-3.07%,-15.60%
172,DLTAgrello,DLT,"$14,140,773",$0.164468,"85,978,873*","$13,563",3.15%,1.28%,3.66%
173,MSPMothership,MSP,"$14,105,700",$0.100755,"140,000,000*","$89,869",0.05%,-3.70%,-1.61%
174,XRBRaiBlocks,XRB,"$13,990,453",$0.111553,"125,415,296","$213,936",-1.75%,-0.65%,-20.78%
175,POTPotCoin,POT,"$13,915,737",$0.063734,"218,339,840","$70,502",0.89%,-6.10%,-5.00%
176,CREDOCredo,CREDO,"$13,736,240",$0.024980,"549,891,703*","$7,736",-0.33%,-4.84%,-47.53%
177,MUEMonetaryUnit,MUE,"$13,480,042",$0.106349,"126,752,882","$118,995",2.26%,-11.29%,-11.87%
178,TIMEChronobank,TIME,"$13,224,715",$18.62,"710,113*","$349,311",-0.41%,-4.28%,-7.22%
179,PLBTPolybius,PLBT,"$13,116,124",$3.44,"3,808,454*","$21,015",0.64%,-10.92%,-10.93%
180,EXPExpanse,EXP,"$13,090,146",$1.66,"7,906,397","$168,564",-1.59%,-1.80%,-8.23%
181,EMC2Einsteinium,EMC2,"$13,000,118",$0.060524,"214,791,704","$1,342,180",-0.30%,-14.03%,-32.23%
182,STXStox,STX,"$12,927,770",$0.436749,"29,600,000*","$514,646",-0.49%,-4.53%,-22.67%
183,SLSSaluS,SLS,"$12,584,208",$12.53,"1,004,438*","$19,844",-1.51%,-8.67%,-6.67%
184,BLKBlackCoin,BLK,"$12,489,976",$0.163383,"76,445,995*","$129,442",-1.85%,-4.35%,-6.85%
185,GOLOSGolos,GOLOS,"$12,313,686",$0.098890,"124,518,891","$47,634",-4.26%,-9.35%,-8.53%
186,GRCGridCoin,GRC,"$12,281,932",$0.031467,"390,312,753","$40,217",-1.54%,-8.30%,-7.48%
187,TOAToaCoin,TOA,"$12,146,041",$0.007058,"1,720,970,340","$28,720",-0.57%,-7.08%,-5.89%
188,CSNOBitDice,CSNO,"$12,000,450",$0.171435,"70,000,000*","$56,636",2.55%,-0.85%,20.76%
189,OKOKCash,OK,"$11,983,965",$0.164010,"73,068,504*","$324,088",-0.57%,-12.53%,-16.93%
190,AGRSAgoras Tokens,AGRS,"$11,959,500",$0.284750,"42,000,000*","$37,211",-1.06%,-9.44%,0.79%
191,RVTRivetz,RVT,"$11,951,967",$0.455409,"26,244,468*","$18,755",1.34%,0.31%,-5.48%
192,HVNHive,HVN,"$11,923,312",$0.031795,"375,000,000*","$304,188",-0.48%,2.61%,14.27%
193,ECNE-coin,ECN,"$11,688,297",$2.70,"4,325,955","$27,415",-0.76%,2.88%,-15.91%
194,LUNLunyr,LUN,"$11,550,181",$5.03,"2,297,853*","$481,287",1.25%,-17.98%,-10.44%
195,POEPo.et,POE,"$11,536,099",$0.005400,"2,136,283,004*","$92,547",5.99%,-5.31%,-20.67%
196,PTOYPatientory,PTOY,"$11,451,370",$0.163591,"70,000,000*","$775,706",-0.37%,-13.95%,-42.79%
197,HMQHumaniq,HMQ,"$11,166,273",$0.068564,"162,858,880*","$146,116",1.16%,-9.07%,-16.85%
198,SANSantiment Net...,SAN,"$11,124,977",$0.198774,"55,967,968*","$485,329",0.23%,-14.61%,-35.05%
199,TXTransferCoin,TX,"$11,117,206",$1.80,"6,171,974*","$1,068,120",-0.27%,-6.05%,109.98%
200,OMNIOmni,OMNI,"$10,793,118",$19.27,"559,977*","$478,555",-0.48%,-10.79%,-20.44%
201,ALISALIS,ALIS,"$10,737,649",$0.283670,"37,852,608*","$117,668",-4.70%,-17.57%,17.88%
202,AMPSynereo,AMP,"$10,441,947",$0.126944,"82,256,324*","$184,191",0.62%,0.95%,-10.97%
203,PSTPrimas,PST,"$10,361,088",$0.202365,"51,200,000*","$1,375",-0.33%,-1.00%,-5.58%
204,FLOFlorinCoin,FLO,"$10,267,876",$0.073815,"139,102,279","$681,021",-4.63%,-6.32%,7.06%
205,QAUQuantum,QAU,"$10,254,408",$0.128950,"79,522,355*","$18,846",1.25%,4.55%,-21.91%
206,OAXOAX,OAX,"$10,177,364",$0.406944,"25,009,250*","$203,182",-0.44%,-2.96%,-11.32%
207,NXCNexium,NXC,"$10,130,173",$0.152284,"66,521,586*","$61,886",-1.82%,-5.09%,-11.88%
208,BURSTBurst,BURST,"$10,048,669",$0.005582,"1,800,339,818","$168,946",-1.79%,-5.52%,-19.27%
209,XBYXTRABYTES,XBY,"$10,023,482",$0.023529,"426,000,000*","$66,309",2.04%,11.11%,33.71%
210,PZMPRIZM,PZM,"$9,868,685",$1.01,"9,737,905*","$13,626",-0.18%,-1.55%,-2.83%
211,KOREKore,KORE,"$9,682,877",$4.79,"2,021,710*","$286,277",-2.55%,-5.62%,-14.86%
212,RADSRadium,RADS,"$9,558,130",$2.83,"3,372,521*","$47,835",1.38%,-9.55%,-21.43%
213,LMCLoMoCoin,LMC,"$9,525,922",$0.043680,"218,086,783*","$184,155",0.43%,-8.25%,-2.28%
214,MYSTMysterium,MYST,"$9,511,187",$0.489535,"19,429,024*","$269,473",-0.96%,-17.03%,-20.32%
215,VRCVeriCoin,VRC,"$9,510,408",$0.312706,"30,413,256","$161,328",-2.17%,-14.33%,-2.79%
216,CSCCasinoCoin,CSC,"$9,497,243",$0.246035,"38,601,187","$3,383",6.35%,-24.26%,-24.14%
217,CLAMClams,CLAM,"$9,280,879",$3.47,"2,676,155*","$791,549",1.86%,-2.27%,-15.88%
218,SHIFTShift,SHIFT,"$9,268,797",$0.818605,"11,322,673*","$47,672",0.25%,-5.60%,-17.19%
219,COSSCOSS,COSS,"$9,235,078",$0.111266,"83,000,000*","$483,395",-0.76%,-10.79%,-10.80%
220,BCAPBCAP,BCAP,"$9,214,560",$0.921456,"10,000,000*","$5,667",-0.33%,7.29%,-4.77%
221,ODNObsidian,ODN,"$8,984,544",$0.368219,"24,400,000*","$112,629",14.36%,11.30%,7.91%
222,BSDBitSend,BSD,"$8,883,254",$0.525620,"16,900,525","$51,984",0.20%,-4.25%,-2.53%
223,GUPMatchpool,GUP,"$8,750,025",$0.116667,"75,000,000*","$437,142",-0.15%,-14.36%,-13.25%
224,IFTInvestFeed,IFT,"$8,536,025",$0.044602,"191,381,257*","$71,794",-0.47%,2.68%,-13.17%
225,WGRWagerr,WGR,"$8,472,534",$0.046298,"183,000,000*","$47,319",-2.13%,-5.43%,-11.68%
226,XDNDigitalNote,XDN,"$8,429,813",$0.001224,"6,885,695,758","$2,671,480",1.36%,-8.95%,-24.28%
227,HEATHEAT,HEAT,"$8,403,012",$0.283362,"29,654,688*","$2,844",-0.69%,13.29%,28.56%
228,SOARSoarcoin,SOAR,"$8,347,792",$0.010934,"763,443,048*","$4,233",-3.08%,2.00%,-12.87%
229,SLRSolarCoin,SLR,"$8,294,431",$0.225778,"36,737,109*","$403,079",-2.58%,-22.23%,13.49%
230,BETDAO.Casino,BET,"$8,194,550",$0.074535,"109,942,758*","$56,530",-1.06%,-5.65%,6.34%
231,GAMGambit,GAM,"$8,173,740",$6.83,"1,196,019*","$9,812",-2.51%,-4.15%,-22.40%
232,AIRAirToken,AIR,"$8,138,561",$0.007751,"1,050,000,000*","$10,542",-1.43%,0.35%,-35.97%
233,MOONMooncoin,MOON,"$8,062,255",$0.000036,"222,473,925,093","$5,836",1.45%,-13.34%,-29.01%
234,DTBDatabits,DTB,"$7,767,853",$0.341477,"22,747,809*","$13,304",-2.94%,-6.45%,-28.31%
235,ARTMaecenas,ART,"$7,756,759",$0.257271,"30,150,150*","$3,223",-1.83%,-28.72%,?
236,FTCFeathercoin,FTC,"$7,708,549",$0.042978,"179,360,760","$64,953",-2.70%,5.20%,-0.50%
237,SWTSwarm City,SWT,"$7,557,334",$0.988141,"7,648,032*","$33,530",-2.25%,-15.17%,-32.45%
238,EDRE-Dinar Coin,EDR,"$7,352,378",$0.008296,"886,211,988","$959,346",-1.78%,-10.37%,-14.80%
239,PIXLampix,PIX,"$7,351,959",$0.064877,"113,322,017*","$22,299",0.02%,-6.33%,-21.82%
240,WCTWaves Communi...,WCT,"$7,262,134",$0.726661,"9,993,840*","$15,757",2.43%,-2.60%,0.89%
241,NEOSNeosCoin,NEOS,"$7,211,020",$2.04,"3,537,276","$161,452",-1.05%,-2.80%,-13.17%
242,B3B3Coin,B3,"$7,182,205",$0.007370,"974,476,628","$180,217",-3.08%,-21.00%,-3.85%
243,BTXBitcore,BTX,"$6,917,026",$5.57,"1,241,695","$102,504",-2.74%,-5.32%,4.89%
244,OBITSOBITS,OBITS,"$6,909,740",$0.436789,"15,819,400*","$10,575",1.06%,0.26%,-17.04%
245,SPHRSphere,SPHR,"$6,898,634",$2.24,"3,082,940*","$4,390",-0.56%,-15.09%,-12.96%
246,NVSTNVO,NVST,"$6,848,055",$0.456537,"15,000,000*","$9,204",-1.25%,-3.69%,-29.77%
247,PLUPluton,PLU,"$6,839,164",$8.05,"850,000*","$167,128",-0.42%,0.35%,-10.13%
248,NETNimiq,NET,"$6,837,117",$0.651154,"10,500,000*","$96,997",-1.78%,-1.13%,-12.67%
249,CNTCenturion,CNT,"$6,821,070",$0.094328,"72,312,100","$20,771",-0.51%,-9.40%,-17.50%
250,VSLvSlice,VSL,"$6,695,095",$0.200509,"33,390,496*","$213,475",-0.26%,-1.07%,-18.22%
251,BITCNYbitCNY,BITCNY,"$6,683,487",$0.164901,"40,530,300*","$195,779",10.12%,9.05%,12.11%
252,CRBCreditbit,CRB,"$6,523,136",$0.395302,"16,501,652*","$3,444,000",-1.77%,-4.75%,22.11%
253,INCNTIncent,INCNT,"$6,491,059",$0.141059,"46,016,625*","$77,988",-2.76%,-12.48%,-5.80%
254,VOXVoxels,VOX,"$6,188,574",$0.029469,"210,000,000*","$42,555",-2.41%,-11.17%,-11.25%
255,XSPECSpectrecoin,XSPEC,"$6,174,554",$0.297064,"20,785,264*","$9,613",-3.11%,-10.67%,-17.37%
256,PINKPinkCoin,PINK,"$6,092,853",$0.016708,"364,658,050","$58,945",-0.65%,-5.48%,-17.36%
257,ATCCATC Coin,ATCC,"$6,078,437",$0.577471,"10,525,960*","$288,454",-1.18%,-5.83%,28.77%
258,GCCTheGCCcoin,GCC,"$5,810,304",$0.011732,"495,265,343*","$3,001",-1.11%,-1.35%,-0.35%
259,MUSICMusicoin,MUSIC,"$5,777,481",$0.014409,"400,971,720","$79,611",-0.09%,-9.02%,-23.93%
260,MYBMyBit Token,MYB,"$5,728,593",$2.19,"2,616,334*","$27,949",-0.66%,-6.01%,-20.46%
261,VOISEVoise,VOISE,"$5,709,992",$0.008880,"643,012,000*","$27,934",-5.73%,-23.51%,-64.27%
262,VIBEVIBE,VIBE,"$5,609,832",$0.033233,"168,800,522*","$10,535",6.49%,-3.13%,-3.84%
263,XWCWhiteCoin,XWC,"$5,602,503",$0.022552,"248,423,785*","$41,690",-1.81%,-7.49%,-14.86%
264,NVCNovacoin,NVC,"$5,577,248",$2.97,"1,875,878","$33,151",0.67%,-4.72%,-9.54%
265,GRSGroestlcoin,GRS,"$5,542,990",$0.080744,"68,648,514","$138,274",2.78%,2.03%,-12.79%
266,CVCOINCVCoin,CVCOIN,"$5,526,475",$0.561803,"9,837,033*","$4,993",1.03%,13.99%,0.01%
267,IXTiXledger,IXT,"$5,485,541",$0.153318,"35,778,844*","$32,942",0.54%,-5.94%,-26.43%
268,DBIXDubaiCoin,DBIX,"$5,418,313",$3.97,"1,363,146","$52,608",-1.92%,-5.77%,-2.04%
269,BCYBitcrystals,BCY,"$5,356,219",$0.230543,"23,233,059*","$32,505",-0.99%,-8.42%,-19.17%
270,REALREAL,REAL,"$5,229,266",$0.520024,"10,055,817*","$20,168",12.00%,17.41%,3.17%
271,TFLTrueFlip,TFL,"$5,191,329",$0.830976,"6,247,267*","$88,086",-0.55%,-3.41%,8.74%
272,BCPTBlockMason Cr...,BCPT,"$5,070,854",$0.112271,"45,166,200*","$37,934",-0.33%,-16.59%,?
273,POSWPoSW Coin,POSW,"$4,997,368",$0.113319,"44,100,000*","$40,621",-4.63%,-8.64%,-9.86%
274,CADASTRALBitland,CADASTRAL,"$4,963,200",$0.165440,"30,000,000*",$722,2.02%,-2.26%,-19.71%
275,PDCProject Decorum,PDC,"$4,840,755",$0.096815,"50,000,000*","$36,026",0.69%,-15.25%,-19.90%
276,CURECurecoin,CURE,"$4,730,808",$0.198870,"23,788,444","$29,913",1.40%,-3.60%,-9.04%
277,BITBBitBean,BITB,"$4,725,919",$0.002165,"2,182,782,000*","$79,370",1.13%,-16.32%,-23.71%
278,SEQSequence,SEQ,"$4,724,209",$0.104788,"45,083,494","$14,778",-5.80%,-9.45%,-9.22%
279,GLDGoldCoin,GLD,"$4,686,034",$0.115483,"40,577,696","$29,260",-0.87%,-10.54%,-14.20%
280,TIXBlocktix,TIX,"$4,572,000",$0.114300,"40,000,000*","$2,568",2.25%,-8.77%,-18.78%
281,GCRGlobal Curren...,GCR,"$4,524,773",$0.043804,"103,295,404*","$21,439",-2.82%,-9.56%,-8.69%
282,UNYUnity Ingot,UNY,"$4,489,187",$0.022224,"202,000,000*","$15,721",7.76%,1.06%,-2.68%
283,YOCYocoin,YOC,"$4,484,873",$0.041236,"108,761,900*","$29,781",-4.37%,-28.08%,10.64%
284,EXCLExclusiveCoin,EXCL,"$4,461,476",$1.04,"4,293,307","$62,407",-1.00%,-16.05%,-14.81%
285,AURAuroracoin,AUR,"$4,454,474",$0.514484,"8,658,139","$9,468",-2.80%,-6.10%,-21.90%
286,HTML5HTMLCOIN,HTML5,"$4,403,006",$0.000108,"40,659,020,000","$7,174",11.86%,-0.93%,-19.22%
287,CATBlockCAT,CAT,"$4,345,658",$0.590433,"7,360,121*","$4,299",-2.12%,-3.33%,-20.16%
288,EQTEquiTrader,EQT,"$4,339,792",$0.453544,"9,568,623","$28,232",0.02%,-2.69%,16.93%
289,OCTOracleChain,OCT,"$4,324,950",$0.144165,"30,000,000*",$657,6.07%,4.32%,22.21%
290,NTRNNeutron,NTRN,"$4,307,490",$0.136223,"31,620,870*","$1,620",-0.55%,-4.03%,0.34%
291,ECCE-Currency Coin,ECC,"$4,271,250",$0.000171,"25,000,000,000","$7,731",39.21%,-4.35%,5.91%
292,ZRCZrCoin,ZRC,"$4,185,429",$1.15,"3,630,790*","$48,127",-0.30%,-4.54%,-2.16%
293,ABYArtByte,ABY,"$4,163,198",$0.005253,"792,537,250","$58,434",-3.83%,-8.14%,-25.13%
294,NOTEDNotes,NOTE,"$4,140,538",$0.032279,"128,272,226","$11,581",0.50%,-9.56%,-19.49%
295,QWARKQwark,QWARK,"$4,075,021",$0.107066,"38,060,835*","$86,350",-2.34%,-5.06%,-11.72%
296,IOPInternet of P...,IOP,"$4,035,735",$2.22,"1,816,107","$266,500",1.44%,-9.78%,-26.94%
297,SWIFTBitswift,SWIFT,"$4,008,410",$0.985123,"4,068,944*","$33,614",0.06%,-8.88%,-27.65%
298,DYNDynamic,DYN,"$3,938,854",$2.15,"1,834,961*","$8,362",-0.55%,-8.56%,2.14%
299,FLDCFoldingCoin,FLDC,"$3,823,085",$0.007286,"524,682,737*","$39,125",0.28%,-0.22%,-18.73%
300,PTCPesetacoin,PTC,"$3,806,028",$0.029017,"131,165,464","$38,460",0.92%,4.52%,-14.34%
301,XVCVcash,XVC,"$3,797,152",$0.248921,"15,254,447","$68,942",-1.08%,-12.90%,-24.60%
302,DENTDent,DENT,"$3,731,832",$0.000352,"10,614,760,961*","$4,609",10.47%,-25.74%,-29.20%
303,PGLProspectors Gold,PGL,"$3,675,165",$0.056979,"64,500,000*","$1,491",-0.55%,-13.55%,-39.65%
304,XSTStealthcoin,XST,"$3,648,532",$0.134127,"27,202,067","$23,179",1.78%,-9.66%,-21.98%
305,XBCBitcoin Plus,XBC,"$3,645,430",$35.74,"102,009*","$125,241",-3.74%,-6.45%,-14.89%
306,PROPropy,PRO,"$3,620,168",$0.257531,"14,057,212*","$93,515",-0.41%,1.34%,-16.70%
307,COVALCircuits of V...,COVAL,"$3,587,860",$0.003588,"1,000,000,000*","$93,701",-2.36%,-10.79%,-18.46%
308,PASCPascal Coin,PASC,"$3,554,470",$0.245797,"14,461,000","$33,171",-2.71%,-6.55%,-1.00%
309,BLITZBlitzcash,BLITZ,"$3,524,113",$0.859946,"4,098,063*","$39,177",-0.80%,-9.81%,-24.93%
310,HUSHHush,HUSH,"$3,507,651",$1.56,"2,242,500","$26,575",-1.39%,-10.17%,2.08%
311,PBTPrimalbase Token,PBT,"$3,473,970",$3473.97,"1,000*","$11,704",-0.35%,1.46%,-13.20%
312,BELABela,BELA,"$3,465,467",$0.090831,"38,152,825","$24,082",-0.62%,-9.51%,-13.29%
313,ERCEuropeCoin,ERC,"$3,463,738",$0.348648,"9,934,771","$9,033",-0.57%,-11.85%,-23.44%
314,TRUSTTrustPlus,TRUST,"$3,411,639",$0.106326,"32,086,595*","$103,879",3.67%,-7.78%,-17.10%
315,XTOTao,XTO,"$3,373,986",$0.103535,"32,587,878","$4,563",-3.73%,-41.13%,-42.82%
316,SNRGSynergy,SNRG,"$3,350,698",$1.07,"3,134,423*","$29,323",0.02%,-14.37%,-19.35%
317,BITUSDbitUSD,BITUSD,"$3,331,417",$1.04,"3,203,070*","$55,796",2.83%,2.80%,3.04%
318,ESPEspers,ESP,"$3,304,128",$0.000159,"20,717,742,690","$4,123",-0.66%,19.47%,54.11%
319,MBRSEmbers,MBRS,"$3,250,585",$0.065012,"50,000,000*","$48,013",1.36%,51.06%,33.03%
320,SBDSteem Dollars,SBD,"$3,187,827",$0.936905,"3,402,508*","$69,309",0.10%,-2.46%,-2.51%
321,SCLSocial,SCL,"$3,159,017",$0.189004,"16,714,020*","$13,166",-1.11%,-18.69%,-24.23%
322,EBTCeBTC,EBTC,"$3,146,790",$0.153022,"20,564,300*","$84,914",0.22%,-18.89%,138.99%
323,APXAPX,APX,"$3,139,694",$4.46,"703,179*","$10,478",-0.22%,-11.59%,-12.39%
324,MERMercury,MER,"$3,139,460",$0.031395,"100,000,000*","$8,940",0.46%,7.07%,74.09%
325,BCOBridgeCoin,BCO,"$3,133,663",$0.124419,"25,186,368","$18,795",33.33%,-20.73%,-25.85%
326,VRMVeriumReserve,VRM,"$3,129,117",$2.35,"1,333,508","$27,959",-0.38%,-7.26%,-23.57%
327,ZEITZeitcoin,ZEIT,"$3,092,241",$0.000084,"36,971,144,069",$954,-4.22%,-16.12%,11.03%
328,BLUBlueCoin,BLU,"$3,040,789",$0.005291,"574,683,675","$1,379",-0.45%,2.48%,-4.92%
329,SYNXSyndicate,SYNX,"$2,985,322",$0.188823,"15,810,160*","$29,271",-2.65%,-9.70%,-14.24%
330,TRCTTracto,TRCT,"$2,984,636",$1.40,"2,132,690*","$40,719",-6.36%,-17.54%,?
331,PUTPutinCoin,PUT,"$2,981,091",$0.014852,"200,721,165","$1,029",-1.56%,-8.97%,-29.07%
332,TRCTerracoin,TRC,"$2,935,030",$0.137277,"21,380,350","$3,998",-3.85%,-15.83%,-41.25%
333,XMYMyriad,XMY,"$2,859,056",$0.001877,"1,523,075,250","$28,469",-1.64%,-5.20%,-18.33%
334,STAStarta,STA,"$2,827,932",$0.557897,"5,068,914*","$6,701",0.10%,-8.07%,25.38%
335,CRAVECrave,CRAVE,"$2,823,947",$2.01,"1,406,068*","$2,201",12.06%,2.43%,6.43%
336,ZCLZClassic,ZCL,"$2,814,981",$1.56,"1,809,800","$124,700",-1.98%,-10.02%,-5.15%
337,RMCRemicoin,RMC,"$2,707,460",$1.37,"1,979,224*","$2,026",-0.55%,-7.03%,-15.70%
338,RAINCondensate,RAIN,"$2,671,582",$0.038242,"69,859,343","$24,661",-2.71%,-21.50%,-29.60%
339,VIVOVIVO,VIVO,"$2,670,196",$5.40,"494,580","$39,825",-0.57%,-9.60%,30.36%
340,VASHVPNCoin,VASH,"$2,652,975",$0.006627,"400,339,746*","$294,531",1.99%,-5.44%,-16.08%
341,DIMEDimecoin,DIME,"$2,640,512",$0.000005,"536,165,319,440","$3,756",-0.44%,-37.09%,-56.79%
342,SPRSpreadCoin,SPR,"$2,606,039",$0.290614,"8,967,357","$225,705",-4.02%,-22.34%,-31.30%
343,CV2Colossuscoin V2,CV2,"$2,586,762",$0.000114,"22,710,815,087*",$804,39.15%,91.30%,59.36%
344,ATMSAtmos,ATMS,"$2,566,354",$0.025598,"100,257,596*",$890,-0.56%,6.41%,40.34%
345,NSRNuShares,NSR,"$2,530,953",$0.000911,"2,777,600,756*","$26,997",-0.55%,-38.81%,-72.77%
346,HBTHubii Network,HBT,"$2,530,147",$0.113657,"22,261,249*","$2,463",-6.26%,-7.63%,-9.35%
347,EGCEverGreenCoin,EGC,"$2,525,612",$0.189592,"13,321,301","$65,517",2.39%,-9.96%,-11.03%
348,BRXBreakout Stake,BRX,"$2,496,471",$0.398283,"6,268,082*","$5,230",-1.10%,-8.13%,-14.34%
349,GEOGeoCoin,GEO,"$2,490,693",$0.762908,"3,264,736","$58,040",1.29%,-9.67%,-25.12%
350,NDCNEVERDIE,NDC,"$2,455,249",$0.059878,"41,004,200*","$39,235",-0.48%,-28.92%,-12.88%
351,OPTOpus,OPT,"$2,393,192",$0.017084,"140,080,549*","$6,329",-0.54%,-17.47%,-20.47%
352,SXCSexcoin,SXC,"$2,385,569",$0.019094,"124,938,139","$11,812",0.86%,-7.33%,18.14%
353,XPMPrimecoin,XPM,"$2,337,061",$0.111015,"21,051,760","$344,465",-0.47%,-0.87%,5.73%
354,ONIONDeepOnion,ONION,"$2,307,961",$0.637283,"3,621,564","$6,877",-0.74%,-5.53%,-15.91%
355,THCHempCoin,THC,"$2,306,082",$0.010137,"227,489,313","$36,300",-2.29%,-17.42%,-37.35%
356,CHCChainCoin,CHC,"$2,300,885",$0.145346,"15,830,400","$10,776",-5.37%,-16.14%,-26.10%
357,JNSJanus,JNS,"$2,280,266",$0.099799,"22,848,607*","$3,207",-0.86%,-6.46%,-21.72%
358,MEMEMemetic,MEME,"$2,273,997",$0.138163,"16,458,796","$36,310",1.35%,-11.15%,-23.67%
359,DOPEDopeCoin,DOPE,"$2,252,195",$0.020274,"111,085,648*","$64,055",-4.92%,-17.24%,-29.53%
360,SNCSunContract,SNC,"$2,237,017",$0.020768,"107,712,011*","$169,132",-1.56%,-3.34%,-26.25%
361,2GIVE2GIVE,2GIVE,"$2,236,974",$0.004331,"516,520,688","$7,894",-1.80%,-5.02%,-24.46%
362,PINGCryptoPing,PING,"$2,195,471",$0.220604,"9,952,089*","$107,192",-0.66%,-2.92%,-3.07%
363,BTMBitmark,BTM,"$2,141,092",$0.307178,"6,970,200","$3,324",-1.53%,-4.11%,-24.54%
364,EOTEOT Token,EOT,"$2,139,632",$0.259007,"8,260,903*","$21,655",0.95%,5.77%,-33.81%
365,ADLAdelphoi,ADL,"$2,125,424",$0.090551,"23,472,224*",$654,-0.55%,23.78%,29.80%
366,PKBParkByte,PKB,"$2,062,680",$0.432970,"4,764,026*","$140,577",-3.29%,-14.49%,-37.41%
367,BRKBreakout,BRK,"$2,059,199",$0.113504,"18,142,083","$40,975",-1.21%,-16.38%,-25.46%
368,ANCAnoncoin,ANC,"$2,053,509",$0.973081,"2,110,317","$35,826",-3.49%,261.80%,434.50%
369,MINTMintcoin,MINT,"$1,997,720",$0.000080,"24,942,882,780*",$946,-1.36%,-5.46%,-20.60%
370,RUPRupee,RUP,"$1,879,190",$0.085319,"22,025,350","$46,487",-5.73%,-2.50%,67.01%
371,CREACreativecoin,CREA,"$1,869,463",$0.148529,"12,586,520","$1,886",-1.38%,-8.93%,-9.10%
372,EBSTeBoost,EBST,"$1,767,276",$0.147273,"12,000,000*","$129,434",-1.65%,-10.36%,6.10%
373,VTRvTorrent,VTR,"$1,745,048",$0.161340,"10,815,966","$7,945",-0.02%,-10.06%,-23.19%
374,CANNCannabisCoin,CANN,"$1,712,084",$0.022168,"77,231,176","$28,958",0.87%,-9.30%,-19.04%
375,LGDLegends Room,LGD,"$1,710,002",$0.855001,"2,000,000*","$482,770",-3.77%,-5.22%,-3.35%
376,BISBismuth,BIS,"$1,690,927",$0.346036,"4,886,565","$28,583",0.22%,-37.63%,-36.39%
377,CHIPSCHIPS,CHIPS,"$1,679,440",$0.097726,"17,185,136","$12,404",-1.02%,-5.38%,-17.22%
378,BASHLuckChain,BASH,"$1,624,024",$0.002281,"711,941,503","$2,444",1.99%,-5.89%,-8.01%
379,ONXOnix,ONX,"$1,594,327",$0.058118,"27,432,814","$58,788",2.28%,-9.96%,53.87%
380,HNCHelleniccoin,HNC,"$1,587,541",$0.028760,"55,200,000","$8,161",-0.61%,14.11%,56.84%
381,TKSTokes,TKS,"$1,583,343",$1.40,"1,133,007*","$51,118",-4.93%,-19.54%,-28.71%
382,OCLOceanlab,OCL,"$1,548,250",$0.033296,"46,500,000*","$6,533",0.42%,0.87%,-12.81%
383,LNKLink Platform,LNK,"$1,539,699",$32.41,"47,503*","$3,642",-0.51%,168.61%,-9.64%
384,EMBEmberCoin,EMB,"$1,520,056",$0.000019,"78,324,745,312*","$9,287",-2.01%,-18.16%,-66.45%
385,EFLe-Gulden,EFL,"$1,496,973",$0.096545,"15,505,476","$6,138",-4.50%,-7.34%,-12.67%
386,XMGMagi,XMG,"$1,489,299",$0.198403,"7,506,435","$5,854",-0.33%,-7.53%,-19.85%
387,ZOIZoin,ZOI,"$1,474,933",$0.101401,"14,545,550","$2,973",-0.27%,-3.97%,52.71%
388,ELIXElixir,ELIX,"$1,440,288",$0.065954,"21,837,767*","$23,804",-6.71%,-7.66%,-2.70%
389,ADSTAdShares,ADST,"$1,434,442",$0.117110,"12,248,669*","$1,389",-0.55%,8.98%,-17.77%
390,INXTInternxt,INXT,"$1,431,159",$2.27,"629,610*","$10,616",22.98%,18.54%,18.86%
391,DOTDotcoin,DOT,"$1,428,101",$0.005512,"259,084,250*","$12,799",-1.07%,-5.27%,5.42%
392,RICRiecoin,RIC,"$1,412,863",$0.036904,"38,285,125","$16,225",-1.63%,-7.83%,-11.51%
393,NAUTNautilusCoin,NAUT,"$1,384,943",$0.085596,"16,180,000*","$10,640",-1.00%,-8.12%,-12.78%
394,STARTStartcoin,START,"$1,357,091",$0.030104,"45,079,785","$39,380",-2.26%,-5.47%,-24.22%
395,FYNFundYourselfNow,FYN,"$1,356,898",$1.60,"850,000*",$953,-0.39%,-6.55%,-14.91%
396,MAOMao Zedong,MAO,"$1,315,172",$0.211513,"6,217,924","$3,424",3.20%,-3.19%,1.41%
397,MGCMergeCoin,MGC,"$1,302,013",$0.013705,"95,000,000*","$53,048",-0.73%,-9.45%,-12.84%
398,WTTGiga Watt Token,WTT,"$1,282,149",$1.42,"900,000*","$19,909",-10.17%,-4.20%,-26.60%
399,HYPHyperStake,HYP,"$1,271,996",$0.001235,"1,029,714,472*",$620,-0.84%,-5.34%,-8.90%
400,RNSRenos,RNS,"$1,253,758",$0.037587,"33,356,077*",$713,-5.29%,-2.90%,-5.87%
401,MXTMarteXcoin,MXT,"$1,247,152",$0.449519,"2,774,415","$1,492",-8.18%,-23.83%,-37.48%
402,BROBitradio,BRO,"$1,228,002",$0.212776,"5,771,338*","$3,275",-7.88%,-4.88%,51.29%
403,SMLYSmileyCoin,SMLY,"$1,213,133",$0.000047,"25,960,250,000","$1,121",-1.05%,3.73%,-21.74%
404,TKRTrackr,TKR,"$1,182,911",$0.094408,"12,529,747*","$16,154",-0.33%,-11.50%,11.39%
405,WDCWorldCoin,WDC,"$1,174,179",$0.010092,"116,342,897","$1,173",29.05%,18.91%,19.61%
406,HUCHunterCoin,HUC,"$1,161,395",$0.058829,"19,741,740","$9,789",-3.69%,-8.64%,-10.47%
407,DARDarcrus,DAR,"$1,149,910",$0.084550,"13,600,388*",$995,0.85%,-20.35%,-45.37%
408,REXREX,REX,"$1,109,209",$0.128073,"8,660,756*",$575,-0.33%,-35.43%,-37.56%
409,WBBWild Beast Block,WBB,"$1,100,014",$2.56,"428,930","$4,814",15.32%,2.80%,5.03%
410,GRWIGrowers Inter...,GRWI,"$1,088,335",$1.03,"1,057,026*","$3,976",-8.36%,-1.85%,-9.62%
411,SIGTSignatum,SIGT,"$1,085,493",$0.010053,"107,972,766*","$73,850",1.91%,-9.33%,-49.00%
412,INFXInfluxcoin,INFX,"$1,082,982",$0.647181,"1,673,383","$34,561",0.74%,-8.69%,2.25%
413,KRBKarbowanec,KRB,"$1,081,577",$0.235292,"4,596,745","$22,627",-1.04%,-0.91%,42.45%
414,ATSAuthorship,ATS,"$1,080,160",$0.013502,"80,000,000*","$38,690",12.50%,-29.81%,-32.21%
415,ADZAdzcoin,ADZ,"$1,074,737",$0.023970,"44,836,770","$2,092",-4.93%,-14.05%,-22.54%
416,UNIFYUnify,UNIFY,"$1,069,990",$0.060305,"17,742,917*","$10,713",3.62%,-14.67%,-34.11%
417,XMCCMonacoCoin,XMCC,"$1,065,908",$0.455781,"2,338,640","$11,900",-0.56%,-6.15%,-5.78%
418,BRITBritCoin,BRIT,"$1,056,846",$0.049692,"21,268,092","$1,385",-0.45%,24.95%,14.24%
419,ZENIZennies,ZENI,"$1,027,625",$0.001027,"1,000,812,836*","$4,635",-5.67%,-25.95%,-55.00%
420,LINDALinda,LINDA,"$1,010,197",$0.000168,"6,003,429,666","$19,404",-11.02%,-10.36%,-32.05%
421,SKINSkinCoin,SKIN,"$1,004,921",$0.011396,"88,183,483*","$33,855",-3.12%,-19.24%,-17.92%
422,CCRBCryptoCarbon,CCRB,"$991,913",$0.278462,"3,562,111*","$28,440",-0.34%,2.63%,-34.85%
423,MRTMiners&#39; Rewar...,MRT,"$988,390",$0.098839,"10,000,000*","$10,335",2.41%,-2.39%,-13.82%
424,XHIHiCoin,XHI,"$972,465",$0.005126,"189,729,990","$213,269",-0.55%,-13.91%,-13.41%
425,FSTFastcoin,FST,"$958,420",$0.007607,"126,000,000","$1,746",-2.69%,-9.29%,-23.46%
426,ALTAltcoin,ALT,"$950,713",$7.78,"122,175*","$1,494",-0.55%,-21.60%,-23.21%
427,USNBTNuBits,USNBT,"$949,965",$0.988596,"960,923*","$68,312",-0.20%,-1.73%,-1.46%
428,PIPLPiplCoin,PIPL,"$872,924",$0.068349,"12,771,547*","$23,804",-5.88%,7.48%,?
429,DFTDraftCoin,DFT,"$871,694",$0.459038,"1,898,958*","$99,691",-0.37%,-2.65%,18.21%
430,MNEMinereum,MNE,"$854,651",$0.696450,"1,227,153*","$8,596",0.26%,-4.99%,-37.51%
431,CPCCapricoin,CPC,"$852,617",$0.428441,"1,990,045*","$50,893",-1.95%,-20.91%,-20.94%
432,ARCArcticCoin,ARC,"$851,680",$0.034758,"24,502,988","$41,906",-2.49%,-16.80%,-23.05%
433,BYCBytecent,BYC,"$840,422",$0.458961,"1,831,139","$39,366",3.49%,-8.28%,-16.24%
434,SUMOSumokoin,SUMO,"$801,862",$0.419179,"1,912,935","$9,001",-3.01%,-3.42%,0.20%
435,ZCCZcCoin,ZCC,"$789,321",$0.012802,"61,657,044","$74,796",3.12%,-6.18%,-16.51%
436,808808Coin,808,"$780,490",$0.000857,"910,624,824","$10,402",-2.66%,-2.08%,-48.95%
437,DPDigitalPrice,DP,"$777,922",$0.046472,"16,739,549*","$10,681",-7.71%,-11.43%,1.54%
438,TZCTrezarCoin,TZC,"$755,477",$0.010080,"74,948,900",$854,-6.70%,-5.73%,-22.43%
439,MBIMonster Byte,MBI,"$753,124",$0.044768,"16,822,736*","$3,689",0.53%,20.12%,37.83%
440,RKCRoyal Kingdom...,RKC,"$752,252",$0.278612,"2,700,000*","$1,332",-2.98%,-14.16%,-43.26%
441,HPCHappycoin,HPC,"$749,747",$0.060924,"12,306,274","$3,671",-1.06%,-26.39%,-52.24%
442,LDOGELiteDoge,LDOGE,"$737,337",$0.000050,"14,868,686,508*",$905,1.17%,-6.52%,-30.35%
443,ETHDEthereum Dark,ETHD,"$729,410",$0.486273,"1,500,000","$104,423",-2.99%,-19.07%,29.07%
444,BTABata,BTA,"$711,983",$0.142943,"4,980,884","$2,673",2.37%,18.55%,-15.51%
445,BTCZBitcoinZ,BTCZ,"$687,433",$0.002512,"273,700,042","$11,270",0.97%,-9.00%,11.54%
446,NETKONetko,NETKO,"$683,492",$0.168198,"4,063,615",$861,-0.55%,-6.35%,-23.88%
447,ENTEternity,ENT,"$682,927",$0.169282,"4,034,258","$1,107",32.97%,-3.74%,86.14%
448,IFLTInflationCoin,IFLT,"$647,320",$0.000023,"28,123,454,360*",$719,1.18%,28.29%,-37.93%
449,FJCFujiCoin,FJC,"$643,937",$0.000561,"1,148,285,735",$802,-1.66%,-4.35%,-25.62%
450,XLRSolaris,XLR,"$619,847",$1.05,"588,324","$6,694",-0.55%,-16.30%,-3.91%
451,SMCSmartCoin,SMC,"$612,366",$0.026175,"23,395,262","$1,431",-0.57%,-23.51%,-7.90%
452,TYCHOTychocoin,TYCHO,"$606,898",$0.120791,"5,024,368","$9,773",-0.56%,-8.79%,-7.38%
453,WGOWavesGo,WGO,"$606,527",$0.060741,"9,985,510*","$2,240",0.75%,10.61%,49.45%
454,XBLBillionaire T...,XBL,"$593,916",$0.179140,"3,315,372*","$19,091",-0.68%,8.17%,10.33%
455,INSNInsaneCoin,INSN,"$591,254",$0.034547,"17,114,735","$1,780",-0.62%,-9.68%,-19.51%
456,UFOUFO Coin,UFO,"$589,376",$0.000171,"3,449,667,512","$2,811",-0.57%,-4.35%,0.04%
457,KEKKekCoin,KEK,"$584,984",$0.056950,"10,271,873*","$1,782",-0.55%,-4.55%,-22.20%
458,XPXP,XP,"$578,718",$0.000004,"156,039,512,290","$5,949",-5.62%,-68.54%,-30.94%
459,MAXMaxCoin,MAX,"$576,858",$0.009511,"60,653,845",$914,-4.96%,-14.24%,-27.76%
460,SHORTYShorty,SHORTY,"$575,196",$0.005752,"100,000,000*","$4,678",0.44%,-3.44%,-0.47%
461,RLTRouletteToken,RLT,"$570,164",$0.056325,"10,122,690*","$8,150",-0.23%,9.87%,2.61%
462,VSXVsync,VSX,"$564,703",$0.005706,"98,964,274","$5,732",-0.51%,-5.84%,17.30%
463,MACMachinecoin,MAC,"$553,952",$0.027612,"20,061,775","$2,072",-0.86%,-15.45%,59.42%
464,COLXColossusCoinXT,COLX,"$543,330",$0.000115,"4,741,310,215","$38,286",-23.44%,-24.69%,-20.68%
465,POSPoSToken,POS,"$540,389",$0.933376,"578,962*","$1,388",-17.91%,-24.06%,-30.19%
466,NTOFujinto,NTO,"$531,452",$0.008076,"65,802,448*","$59,842",0.10%,-19.44%,-19.25%
467,UNBUnbreakableCoin,UNB,"$529,991",$0.232641,"2,278,150","$23,676",3.38%,-7.93%,-9.98%
468,XFTFooty Cash,XFT,"$519,958",$0.114724,"4,532,249","$1,923",-0.59%,-2.62%,-11.93%
469,SUPERSuperCoin,SUPER,"$508,147",$0.011415,"44,515,692",$744,1.71%,21.30%,8.65%
470,DDFDigitalDevelo...,DDF,"$506,023",$0.098865,"5,118,307*",$668,18.32%,0.43%,-15.33%
471,PIEPIECoin,PIE,"$496,436",$0.021922,"22,645,680*",$687,0.88%,35.77%,34.11%
472,MOINMoin,MOIN,"$492,744",$0.068322,"7,212,050*",$933,0.17%,1.61%,-25.52%
473,CDNCanada eCoin,CDN,"$484,015",$0.004969,"97,415,544",$564,-0.57%,-2.18%,-10.28%
474,DSHDashcoin,DSH,"$450,659",$0.025642,"17,574,970","$5,740",0.32%,-16.23%,39.70%
475,4242-coin,42,"$450,110",$10716.90,41.999999,"$5,465",-0.52%,0.75%,-0.70%
476,WHLWhaleCoin,WHL,"$440,847",$0.195560,"2,254,278","$21,435",2.16%,-2.08%,-32.48%
477,BRIABriaCoin,BRIA,"$434,154",$0.979083,"443,429*","$3,426",17.82%,-6.13%,87.91%
478,FNCFinCoin,FNC,"$426,386",$0.033108,"12,878,667*","$4,276",-0.55%,-34.19%,-52.72%
479,JETJetcoin,JET,"$425,417",$0.097087,"4,381,832*",$738,-0.29%,-8.77%,-10.02%
480,DNRDenarius,DNR,"$425,209",$0.247692,"1,716,685","$4,092",-0.18%,-6.91%,-16.00%
481,POSTPostCoin,POST,"$418,404",$0.026367,"15,868,233*","$5,085",7.93%,-5.40%,-16.20%
482,BUNBunnyCoin,BUN,"$411,118",$0.000004,"102,141,470,532",$546,32.23%,108.25%,-12.07%
483,EBETEthBet,EBET,"$404,326",$0.047555,"8,502,300*","$2,267",-2.81%,-17.73%,-28.30%
484,FXEFuturXe,FXE,"$400,877",$1.70,"235,421*","$72,448",-3.40%,-2.61%,-1.57%
485,PROCProCurrency,PROC,"$388,662",$0.030328,"12,815,205*","$2,440",-0.04%,-20.17%,-23.35%
486,DAXXDaxxCoin,DAXX,"$386,330",$0.000786,"491,680,660","$1,168",9.42%,9.64%,-11.26%
487,ZERZero,ZER,"$381,045",$0.215214,"1,770,540","$2,550",-0.55%,1.24%,-1.23%
488,LINXLinx,LINX,"$376,765",$0.039637,"9,505,300","$11,222",-2.03%,-14.57%,-28.93%
489,NETNetCoin,NET,"$358,940",$0.000456,"787,126,712","$2,214",-0.58%,-29.55%,-29.78%
490,GCNGCoin,GCN,"$349,207",$0.000002,"145,854,860,000","$1,341",-6.92%,-71.30%,-16.53%
491,VLTVeltor,VLT,"$347,937",$0.627077,"554,855","$1,853",-3.13%,-13.01%,-12.36%
492,ITZInterzone,ITZ,"$335,692",$0.366304,"916,431","$8,430",-0.70%,-3.88%,10.38%
493,BLASBlakeStar,BLAS,"$333,840",$0.001368,"243,949,786","$5,557",2.37%,-8.27%,-38.57%
494,ECASHEthereum Cash,ECASH,"$330,993",$0.023475,"14,100,000*","$33,396",17.97%,-2.65%,-59.56%
495,PAKPakcoin,PAK,"$329,494",$0.007725,"42,651,450",$646,-3.18%,-7.96%,-14.06%
496,WOMENWomenCoin,WOMEN,"$326,657",$0.007387,"44,220,400","$5,112",-9.52%,-18.91%,-30.86%
497,ZNYBitzeny,ZNY,"$325,478",$0.004304,"75,614,500","$11,191",1.30%,-31.17%,-31.18%
498,RBIESRubies,RBIES,"$321,493",$0.030867,"10,415,252*","$3,869",3.05%,-7.17%,-13.66%
499,PIGGYPiggycoin,PIGGY,"$310,153",$0.000639,"485,679,588",$559,-1.09%,-3.70%,-14.61%
500,SCOREScorecoin,SCORE,"$281,205",$0.009266,"30,346,591","$4,045",-0.58%,-10.66%,-17.74%
501,BITBTCbitBTC,BITBTC,"$275,753",$6051.94,45.5644*,"$9,315",-0.89%,-0.55%,7.02%
502,XCXTCoinonatX,XCXT,"$270,796",$0.019188,"14,112,833","$4,847",-0.75%,-5.10%,28.20%
503,DEMDeutsche eMark,DEM,"$266,661",$0.009594,"27,793,416","$1,400",1.31%,-11.75%,-23.10%
504,TRUMPTrumpCoin,TRUMP,"$264,896",$0.040470,"6,545,505",$779,-4.00%,-15.36%,-15.87%
505,DALCDalecoin,DALC,"$257,689",$0.644223,"400,000*",$983,-0.90%,-2.06%,-8.64%
506,DASDAS,DAS,"$251,183",$0.096815,"2,594,458","$2,056",-1.18%,-9.22%,-26.20%
507,ICNiCoin,ICN,"$231,863",$0.007973,"29,080,975",$767,-0.57%,17.51%,20.08%
508,BTCSBitcoin Scrypt,BTCS,"$224,149",$0.013668,"16,399,463","$1,234",-2.91%,-11.57%,43.99%
509,TAGTagCoin,TAG,"$221,806",$0.038197,"5,806,890",$560,0.44%,2.34%,-41.61%
510,ECAElectra,ECA,"$207,064",$0.000010,"21,260,627,762","$1,447",1.84%,-18.97%,-28.62%
511,LTBLiteBar,LTB,"$197,704",$0.257720,"767,127",$738,-0.44%,72.27%,41.85%
512,BLNBolenum,BLN,"$194,200",$0.019420,"10,000,000*","$3,702",1.53%,-12.08%,-2.55%
513,XCSCybCSec,XCS,"$188,549",$0.017028,"11,072,805*","$17,896",-0.55%,-8.82%,-8.28%
514,BLUEEthereum Blue,BLUE,"$175,048",$0.005224,"33,509,711*","$34,841",-6.12%,46.08%,?
515,CCNCannacoin,CCN,"$173,156",$0.036847,"4,699,375","$1,007",24.67%,2.29%,40.86%
516,FRCFreicoin,FRC,"$167,775",$0.005752,"29,168,288","$1,102",-0.57%,-14.49%,13.53%
517,XPTXPlatinumBAR,XPTX,"$164,012",$0.481967,"340,298","$1,252",-0.56%,-20.97%,-36.75%
518,BOLIBolivarcoin,BOLI,"$161,139",$0.020263,"7,952,425","$1,270",-0.52%,-14.17%,-24.60%
519,SACSACoin,SAC,"$161,114",$0.068226,"2,361,470","$1,475",3.15%,2.56%,21.62%
520,FUNCFUNCoin,FUNC,"$155,752",$0.026631,"5,848,581*",$728,0.07%,36.17%,35.65%
521,BTWTYBit20,BTWTY,"$155,216","$152,772",1.016*,"$1,562",1.17%,11.89%,-33.37%
522,MAYTheresa May Coin,MAY,"$148,067",$0.006687,"22,143,800","$1,954",-2.90%,10.14%,-5.97%
523,RUPXRupaya,RUPX,"$143,766",$0.023740,"6,055,974","$2,464",-6.29%,-5.17%,25.61%
524,KLCKiloCoin,KLC,"$134,150",$0.000683,"196,297,971","$1,226",-0.57%,-28.30%,-35.70%
525,VUCVirta Unique ...,VUC,"$117,111",$0.001913,"61,202,800",$856,-2.67%,-14.55%,-29.45%
526,CJCryptojacks,CJ,"$114,827",$0.000282,"406,568,581","$1,475",-0.62%,-21.57%,-25.64%
527,CTOCrypto,CTO,"$104,905",$0.008998,"11,658,586","$3,165",-0.57%,4.14%,-8.26%
528,CWXTCryptoWorldX ...,CWXT,"$103,313",$0.001800,"57,385,690*","$6,883",4.73%,8.26%,-81.53%
529,EMPEMoneyPower,EMP,"$95,881",$0.010422,"9,200,000*","$5,917",-2.07%,-15.22%,-73.27%
530,CACHCacheCoin,CACH,"$95,565",$0.022780,"4,195,132",$632,-0.57%,-9.04%,0.31%
531,PRCPRCoin,PRC,"$92,402",$0.006492,"14,232,600","$36,226",-0.55%,-0.47%,10.92%
532,BTQBitQuark,BTQ,"$82,726",$0.011561,"7,155,671","$6,561",-4.21%,-19.98%,69.24%
533,ZURZurcoin,ZUR,"$82,597",$0.000969,"85,213,023",$562,3.47%,-11.79%,-22.33%
534,DRXNEDROXNE,DRXNE,"$80,118",$0.001312,"61,070,693*","$1,019",-4.65%,-3.68%,10.16%
535,BOSTBoostCoin,BOST,"$78,320",$0.006606,"11,855,487","$1,012",-0.57%,-20.75%,-16.84%
536,GBGoldBlocks,GB,"$78,104",$0.006517,"11,984,660",$690,-11.48%,-7.93%,-19.76%
537,ETGEthereum Gold,ETG,"$74,300",$0.018010,"4,125,358*","$49,847",41.50%,-25.35%,?
538,GLTGlobalToken,GLT,"$73,848",$0.002933,"25,174,900",$667,10.73%,4.39%,-1.35%
539,RBTRimbit,RBT,"$71,896",$0.000622,"115,499,623*",$840,-0.41%,32.42%,21.51%
540,ECOEcoCoin,ECO,"$70,288",$0.067484,"1,041,561",$927,0.99%,-1.57%,-31.91%
541,LEALeaCoin,LEA,"$68,877",$0.000228,"302,624,090","$2,191",25.18%,90.64%,57.92%
542,TAJTajCoin,TAJ,"$68,357",$0.009056,"7,548,050","$1,060",0.14%,-16.52%,87.17%
543,REEReeCoin,REE,"$65,421",$0.000026,"2,560,000,000","$3,528",-14.60%,5.33%,-44.83%
544,TSTRTristar Coin,TSTR,"$65,285",$0.012985,"5,027,857","$2,950",48.17%,-7.33%,-1.23%
545,CTIC2Coimatic 2.0,CTIC2,"$61,204",$0.006208,"9,859,000","$2,224",1.22%,-15.82%,134.56%
546,RPCRonPaulCoin,RPC,"$60,603",$0.068546,"884,119","$2,087",19.18%,33.56%,20.35%
547,PXIPrime-XI,PXI,"$56,810",$0.003317,"17,125,940",$960,-1.42%,-22.61%,-37.77%
548,EXNExchangeN,EXN,"$54,742",$0.010734,"5,100,000*","$5,467",-0.56%,-45.31%,-22.07%
549,FALFalcoin,FAL,"$51,012",$0.259253,"196,766","$17,039",-1.09%,-45.00%,-79.44%
550,LCPLitecoin Plus,LCP,"$43,712",$0.081268,"537,874*","$2,500",-0.10%,-7.31%,-26.57%
551,CMPCOCampusCoin,CMPCO,"$39,282",$0.000273,"144,067,527",$705,-0.66%,-8.64%,-17.27%
552,CASHCashcoin,CASH,"$37,247",$0.001367,"27,251,500","$1,530",13.64%,9.31%,79.43%
553,BOATDoubloon,BOAT,"$33,895",$0.001827,"18,547,845",$792,-9.35%,-13.44%,5.54%
554,XVPVirtacoinplus,XVP,"$32,651",$0.003574,"9,134,750","$1,653",-11.41%,-32.50%,-93.19%
555,VLTCVault Coin,VLTC,"$27,623",$0.000915,"30,176,890",$534,0.15%,-7.04%,-28.82%
556,ICONIconic,ICON,"$27,046",$0.045617,"592,894*",$617,-0.51%,-2.44%,8.93%
557,CREVACrevaCoin,CREVA,"$24,780",$0.000681,"36,390,750","$1,315",12.35%,10.48%,-11.17%
558,WEXWexcoin,WEX,"$18,768",$0.072878,"257,525*",$941,-0.55%,26.16%,14.11%
559,MILOMiloCoin,MILO,"$18,275",$0.001694,"10,789,954","$1,348",-0.55%,-54.89%,-34.13%
560,LTCULiteCoin Ultra,LTCU,"$12,456",$0.015488,"804,202","$1,022",12.76%,3.18%,-36.78%
561,VRSVeros,VRS,"$10,698",$0.000022,"486,609,040*","$3,754",-41.97%,-16.83%,-37.20%
562,LVPSLevoPlus,LVPS,"$5,067",$0.004283,"1,182,832",$771,-0.55%,-23.94%,-21.17%
563,HMCHarmonyCoin,HMC,"$3,763",$0.008668,"434,139","$14,065",-5.62%,-7.22%,21.70%
564,GSRGeyserCoin,GSR,"$3,425",$0.073081,"46,864","$2,024",-14.34%,-33.96%,-20.13%
565,ULAUlatech,ULA,"$2,260",$0.023394,"96,601","$13,418",-0.55%,29.74%,159.72%
566,13371337,1337,"$2,100",$0.000055,"38,285,125*","$14,948",-0.87%,-4.63%,-2.20%
567,DMBDigital Money...,DMB,$740,$0.001756,"421,300","$3,574",-1.85%,-19.36%,-51.92%
568,ABNAbncoin,ABN,$703,$0.010385,"67,700","$1,536",-0.55%,42.79%,14.01%
569,APWAppleCoin,APW,$39,$0.000740,"52,283","$11,179",-11.86%,-36.81%,-44.30%
570,SPRTSSprouts,SPRTS,"$42,212,554",$0.000050,"841,065,131,421*",Low Vol,17.25%,8.19%,-4.13%
571,ECOBEcobit,ECOB,"$7,546,267",$0.016979,"444,444,444*",Low Vol,2.24%,4.13%,10.18%
572,ETTEncryptoTel [...,ETT,"$7,029,833",$0.113145,"62,131,190*",Low Vol,2.80%,15.78%,0.20%
573,JINNJinn,JINN,"$6,277,170",$106.93,"58,703*",?,?,-3.62%,-39.87%
574,XCXCurrency,XC,"$6,169,144",$1.05,"5,858,914*",Low Vol,-0.56%,-6.27%,-24.14%
575,CAGECageCoin,CAGE,"$5,426,871",$0.000054,"101,168,328,395",Low Vol,-0.80%,2136.94%,343.26%
576,STCNStakecoin,STCN,"$4,113,720",$1.03,"4,000,000*",Low Vol,?,-4.08%,-20.27%
577,YASHYashCoin,YASH,"$2,619,762",$0.261970,"10,000,235*",Low Vol,-0.57%,-19.87%,19.58%
578,VISIOVisio,VISIO,"$2,535,414",$0.049915,"50,794,434*",Low Vol,2.69%,-50.26%,-21.14%
579,ACAsiaCoin,AC,"$2,207,080",$0.002048,"1,077,859,995",Low Vol,-0.57%,-2.16%,-4.06%
580,IXCIxcoin,IXC,"$2,171,789",$0.103423,"20,999,088*",Low Vol,10.71%,2.07%,57.28%
581,NYCNewYorkCoin,NYC,"$1,754,304",$0.000014,"129,032,781,759",Low Vol,111.51%,11.26%,280.85%
582,ICOOICO OpenLedger,ICOO,"$1,475,795",$3.17,"465,952*",Low Vol,3.00%,-28.34%,-15.94%
583,ADCAudioCoin,ADC,"$1,432,889",$0.001739,"824,133,877",Low Vol,-0.53%,1.18%,-8.40%
584,QRKQuark,QRK,"$1,339,476",$0.005320,"251,760,920",Low Vol,-0.77%,-11.58%,-25.26%
585,ARCArcade Token,ARC,"$1,298,905",$0.693032,"1,874,235*",Low Vol,-0.33%,-6.39%,?
586,EACEarthCoin,EAC,"$1,270,261",$0.000111,"11,459,900,612",Low Vol,-0.65%,-5.11%,88.80%
587,BPCBitpark Coin,BPC,"$1,268,565",$0.016914,"75,000,000*",Low Vol,-0.57%,-18.40%,-20.23%
588,INPAYInPay,INPAY,"$1,218,160",$0.121816,"10,000,000*",Low Vol,-0.55%,18.21%,-20.50%
589,CBXCrypto Bullion,CBX,"$1,193,548",$1.19,"1,003,243",Low Vol,-1.23%,-6.46%,-16.26%
590,LOGWoodcoin,LOG,"$1,098,250",$0.136680,"8,035,193",Low Vol,-0.55%,-5.36%,-5.80%
591,IFCInfinitecoin,IFC,"$1,021,283",$0.000011,"90,596,274,910",Low Vol,4.31%,-24.40%,1.82%
592,TIPSFedoraCoin,TIPS,"$997,736",$0.000002,"443,168,182,458",Low Vol,-0.96%,-2.86%,-67.59%
593,HEROSovereign Hero,HERO,"$942,801",$197.53,"4,773*",Low Vol,1.18%,7.05%,22.82%
594,ETBSEthbits,ETBS,"$897,904",$0.645230,"1,391,604*",Low Vol,-1.91%,-32.49%,-55.87%
595,USCUltimate Secu...,USC,"$879,127",$0.084996,"10,343,113",Low Vol,-1.32%,103.55%,9.74%
596,TOKENSwapToken,TOKEN,"$872,509",$0.000057,"15,320,585,365*",Low Vol,-0.57%,-4.39%,4.33%
597,AHTBowhead,AHT,"$865,640",$0.108205,"8,000,000*",Low Vol,-0.55%,?,-12.99%
598,SDCShadowCash,SDC,"$795,368",$0.118798,"6,695,133*",Low Vol,-0.59%,-13.48%,-2.91%
599,MECMegacoin,MEC,"$775,494",$0.021504,"36,063,287",Low Vol,-0.79%,-5.06%,0.15%
600,ZETZetacoin,ZET,"$771,040",$0.004621,"166,871,238",Low Vol,1.64%,2.55%,-4.12%
601,PNDPandacoin,PND,"$769,784",$0.000024,"32,514,916,898",Low Vol,0.61%,6.52%,42.68%
602,LTBCLTBcoin,LTBC,"$761,158",$0.001541,"493,863,915*",Low Vol,?,?,?
603,CRMCream,CRM,"$760,181",$0.017022,"44,658,197",Low Vol,12.12%,-4.65%,-11.69%
604,DCYDinastycoin,DCY,"$743,026",$0.000523,"1,420,048,404",Low Vol,-0.58%,-11.80%,-7.11%
605,METALMetalCoin,METAL,"$740,374",$0.009625,"76,925,527*",Low Vol,-0.57%,-5.50%,?
606,CASINOCasino,CASINO,"$728,191",$0.728191,"1,000,000*",Low Vol,-1.72%,?,31.70%
607,FIMKFIMKrypto,FIMK,"$657,208",$0.001139,"577,004,618*",Low Vol,-0.55%,-5.88%,-11.32%
608,CRYPTCryptCoin,CRYPT,"$629,726",$0.103934,"6,058,905",Low Vol,-0.57%,-4.40%,-20.02%
609,HTCHitCoin,HTC,"$626,241",$0.000057,"10,996,318,099",Low Vol,-0.57%,-4.35%,0.02%
610,FUCKFuckToken,FUCK,"$613,546",$0.011938,"51,393,039*",Low Vol,-0.34%,-24.73%,-42.15%
611,NKAIncaKoin,NKA,"$602,530",$0.000057,"10,542,220,202",Low Vol,-0.58%,-4.08%,-48.05%
612,BITZBitz,BITZ,"$584,822",$0.293749,"1,990,891",Low Vol,-0.59%,-5.07%,-17.35%
613,GREGreencoin,GRE,"$573,351",$0.000165,"3,468,380,641*",Low Vol,-6.12%,38.52%,-16.15%
614,VVersion,V,"$545,367",$0.001181,"461,967,656",Low Vol,-0.43%,0.74%,24.60%
615,STRCStarCredits,STRC,"$538,947",$0.119766,"4,500,000*",Low Vol,-0.55%,-0.42%,0.87%
616,KOBOKobocoin,KOBO,"$536,220",$0.021709,"24,700,248*",Low Vol,-1.03%,-65.93%,-51.84%
617,UTCUltraCoin,UTC,"$532,133",$0.012016,"44,283,507",Low Vol,-0.57%,3.42%,5.44%
618,FCNFantomcoin,FCN,"$528,797",$0.085425,"6,190,179",Low Vol,-0.57%,-12.94%,-5.76%
619,NOBLNobleCoin,NOBL,"$525,167",$0.000227,"2,308,955,268",Low Vol,-0.58%,-16.75%,-9.95%
620,E4ROWE4ROW,E4ROW,"$522,436",$0.124746,"4,188,000*",Low Vol,-0.33%,2005.26%,-18.00%
621,RUSTBITSRustbits,RUSTBITS,"$518,669",$0.014693,"35,300,866*",Low Vol,?,?,-19.93%
622,BTBBitBar,BTB,"$471,100",$13.52,"34,837",Low Vol,-0.54%,24.63%,-22.55%
623,ITIiTicoin,ITI,"$470,134",$14.69,"32,000*",Low Vol,-0.43%,-2.55%,-21.67%
624,RCRussiaCoin,RC,"$457,165",$0.055640,"8,216,446",Low Vol,-0.55%,-4.59%,-23.22%
625,TESTeslaCoin,TES,"$448,916",$0.006131,"73,222,583",Low Vol,3.51%,-36.14%,-16.89%
626,BITSBitstar,BITS,"$425,976",$0.018457,"23,079,737",Low Vol,0.99%,-23.53%,17.97%
627,XCNCryptonite,XCN,"$415,306",$0.001139,"364,623,524",Low Vol,-0.57%,?,-0.93%
628,BTSRBTSR,BTSR,"$401,950",$0.122350,"3,285,250*",Low Vol,1.03%,-12.11%,-17.92%
629,TALKBTCtalkcoin,TALK,"$383,786",$0.005878,"65,290,635",Low Vol,-1.61%,?,-13.94%
630,UISUnitus,UIS,"$378,829",$0.008097,"46,785,866",Low Vol,-1.94%,-5.59%,-21.88%
631,ORBOrbitcoin,ORB,"$378,744",$0.123776,"3,059,913",Low Vol,-0.72%,-3.80%,3.87%
632,CARBONCarboncoin,CARBON,"$376,358",$0.000024,"15,392,000,900",Low Vol,-34.03%,-36.82%,-57.05%
633,HBNHoboNickels,HBN,"$373,968",$0.006265,"59,696,358",Low Vol,-1.84%,-5.21%,-5.28%
634,TRITriangles,TRI,"$368,978",$5.06,"72,891",Low Vol,-0.56%,-10.05%,-25.52%
635,AMBERAmberCoin,AMBER,"$350,905",$0.008030,"43,699,481",Low Vol,0.14%,?,-11.84%
636,NEWBNewbium,NEWB,"$345,537",$0.006911,"50,000,000*",Low Vol,-0.42%,-0.78%,-10.54%
637,FC2FuelCoin,FC2,"$341,340",$0.003360,"101,587,873",Low Vol,-0.57%,9.94%,12.89%
638,GLCGlobalCoin,GLC,"$337,746",$0.005182,"65,171,010",Low Vol,-0.57%,-3.33%,-8.06%
639,RIYAEtheriya,RIYA,"$326,759",$0.206609,"1,581,531*",Low Vol,-0.55%,-47.23%,10.93%
640,OHMOHM,OHM,"$307,660",$0.010536,"29,201,431*",Low Vol,-6.76%,-34.43%,-9.41%
641,MZCMazaCoin,MZC,"$302,993",$0.000228,"1,329,352,118",Low Vol,-0.59%,-26.94%,-22.30%
642,UNITUniversal Cur...,UNIT,"$285,555",$0.021888,"13,046,431",Low Vol,6.85%,13.68%,45.64%
643,8BIT8Bit,8BIT,"$285,148",$0.244885,"1,164,415*",Low Vol,-0.57%,-0.04%,8.03%
644,BLOCKPAYBlockPay,BLOCKPAY,"$271,435",$0.050004,"5,428,300*",Low Vol,1.38%,-10.35%,-21.58%
645,I0CI0Coin,I0C,"$270,300",$0.012882,"20,983,260",Low Vol,-0.58%,-9.93%,-26.45%
646,TROLLTrollcoin,TROLL,"$265,034",$0.000471,"563,044,699",Low Vol,-2.04%,-28.54%,-31.42%
647,PXCPhoenixcoin,PXC,"$253,787",$0.004136,"61,366,535",Low Vol,-1.89%,-15.66%,-7.18%
648,DVCDevcoin,DVC,"$251,804",$0.000017,"14,924,257,500",Low Vol,-1.07%,-25.49%,-24.85%
649,AUAurumCoin,AU,"$250,512",$0.845709,"296,216",Low Vol,-0.55%,-7.69%,-16.66%
650,GOODGoodomy,GOOD,"$247,186",$0.000560,"441,349,000*",Low Vol,-0.59%,-19.84%,-47.05%
651,ATOMAtomic Coin,ATOM,"$245,530",$0.019724,"12,447,960",Low Vol,-0.05%,-14.10%,-11.22%
652,ICEiDice,ICE,"$242,480",$0.154346,"1,571,013*",Low Vol,-0.53%,9.69%,-21.43%
653,HODLHOdlcoin,HODL,"$241,273",$0.001708,"141,219,220",Low Vol,-0.57%,-10.37%,8.49%
654,PRPrototanium,PR,"$240,776",$1.23,"195,597",Low Vol,-10.19%,-8.32%,27.75%
655,PSBPesobit,PSB,"$236,203",$0.007062,"33,447,993*",Low Vol,-0.55%,3.09%,1.96%
656,BUCKSSwagBucks,BUCKS,"$235,831",$0.801231,"294,336",Low Vol,-0.56%,-12.40%,-38.98%
657,TITTitcoin,TIT,"$234,042",$0.004690,"49,898,202",Low Vol,-0.75%,-11.36%,-17.11%
658,SWINGSwing,SWING,"$227,190",$0.086248,"2,634,155",Low Vol,-0.15%,3.98%,-18.97%
659,STSStress,STS,"$225,291",$0.000399,"565,134,332",Low Vol,-0.55%,?,-36.37%
660,VALValorbit,VAL,"$217,387",$0.000055,"3,950,101,043",Low Vol,?,?,?
661,GAIAGAIA,GAIA,"$193,533",$0.008030,"24,101,381*",Low Vol,-0.55%,?,-2.04%
662,VIDZPureVidz,VIDZ,"$191,687",$0.001530,"125,279,775*",Low Vol,-0.56%,-18.96%,-42.42%
663,CFTCryptoForecast,CFT,"$191,239",$0.004157,"46,000,000*",Low Vol,-0.55%,-17.89%,-29.79%
664,OPALOpal,OPAL,"$188,379",$0.012441,"15,142,416*",Low Vol,-0.61%,-19.31%,-16.56%
665,CNOCoin(O),CNO,"$185,667",$0.001766,"105,151,005",Low Vol,?,?,?
666,KAYIKayicoin,KAYI,"$182,905",$0.000644,"284,042,197*",Low Vol,-0.78%,11.30%,-14.74%
667,XPYPayCoin,XPY,"$177,586",$0.015035,"11,811,648",Low Vol,-0.57%,-15.02%,-33.19%
668,WAYWayGuide,WAY,"$176,617",$0.001765,"100,040,708*",Low Vol,-0.55%,-4.39%,3.34%
669,MOJOMojoCoin,MOJO,"$171,892",$0.014186,"12,117,006*",Low Vol,3.14%,-3.68%,-14.83%
670,FLYFlycoin,FLY,"$171,005",$0.811197,"210,806*",Low Vol,-0.57%,-24.81%,-21.33%
671,SPEXSproutsExtreme,SPEX,"$169,846",$0.000059,"2,866,607,586*",Low Vol,?,?,4.09%
672,FRNFrancs,FRN,"$169,652",$0.043871,"3,867,080",Low Vol,-0.65%,-5.65%,-13.09%
673,UNIUniverse,UNI,"$168,134",$0.019078,"8,812,815*",Low Vol,2.83%,-12.07%,-17.31%
674,FLTFlutterCoin,FLT,"$162,791",$0.000505,"322,214,524",Low Vol,-0.56%,7.28%,-17.05%
675,XPDPetroDollar,XPD,"$154,000",$0.002407,"63,993,275",Low Vol,13.97%,46.61%,21.75%
676,CYPCypher,CYP,"$153,339",$0.024090,"6,365,285*",Low Vol,-3.74%,-26.44%,3.40%
677,MNMMineum,MNM,"$151,010",$0.016003,"9,436,367",Low Vol,-0.55%,-2.78%,-54.63%
678,SLMSlimcoin,SLM,"$150,572",$0.010080,"14,937,439",Low Vol,-0.55%,-4.42%,0.94%
679,BITSILVERbitSilver,BITSILVER,"$149,918",$17.00,"8,820*",Low Vol,1.14%,-2.51%,-15.43%
680,CAPBottlecaps,CAP,"$148,563",$0.000771,"192,668,553",Low Vol,-1.28%,6.26%,-12.71%
681,NYANNyancoin,NYAN,"$147,348",$0.000466,"315,978,858",Low Vol,4.75%,20.41%,6.48%
682,FUNKThe Cypherfunks,FUNK,"$146,205",$0.000003,"46,028,382,499",Low Vol,-0.96%,-31.65%,-32.46%
683,BBPBiblePay,BBP,"$145,907",$0.000683,"213,500,786",Low Vol,-0.57%,-3.27%,-18.00%
684,RBXRipto Bux,RBX,"$145,015",$0.000380,"381,236,123*",Low Vol,0.41%,40.73%,14.94%
685,WYVWyvern,WYV,"$144,504",$0.088273,"1,637,015*",Low Vol,-0.55%,-7.44%,-27.42%
686,XGRGoldReserve,XGR,"$143,753",$0.008372,"17,171,382",Low Vol,-0.55%,-9.20%,?
687,CONPayCon,CON,"$143,013",$0.006206,"23,042,604*",Low Vol,-0.57%,87.05%,6.79%
688,SHDWShadow Token,SHDW,"$141,609",$0.020230,"7,000,000*",Low Vol,-24.30%,-56.06%,-65.22%
689,BXTBitTokens,BXT,"$141,172",$0.252996,"558,000",Low Vol,-6.05%,-6.33%,-8.39%
690,LANALanaCoin,LANA,"$140,297",$0.000171,"821,182,818",Low Vol,-5.58%,-39.58%,-17.41%
691,JJoincoin,J,"$138,764",$0.056675,"2,448,402",Low Vol,-0.55%,-6.07%,13.93%
692,CUBEDigiCube,CUBE,"$138,339",$0.000057,"2,429,126,009*",Low Vol,?,-4.39%,0.02%
693,LOTLottoCoin,LOT,"$137,518",$0.000009,"14,491,014,421",Low Vol,-1.07%,-42.81%,-23.40%
694,UNICUniCoin,UNIC,"$135,189",$0.045715,"2,957,187",Low Vol,-0.63%,-8.22%,0.78%
695,FLAXFlaxscript,FLAX,"$135,035",$0.024205,"5,578,838",Low Vol,-0.56%,-7.55%,34.72%
696,XRARatecoin,XRA,"$133,655",$0.001186,"112,684,588*",Low Vol,-1.36%,-5.72%,-20.32%
697,SLGSterlingcoin,SLG,"$133,302",$0.031802,"4,191,628",Low Vol,-0.61%,-22.54%,-13.82%
698,GRTGrantcoin,GRT,"$130,660",$0.003060,"42,702,650*",Low Vol,-0.27%,?,11.96%
699,HONEYHoney,HONEY,"$130,452",$0.467140,"279,256",Low Vol,-0.55%,-21.45%,-29.78%
700,USDEUSDe,USDE,"$129,189",$0.000114,"1,134,236,104",Low Vol,-0.57%,-36.22%,-39.05%
701,TGCTigercoin,TGC,"$128,930",$0.002961,"43,536,800",Low Vol,-0.55%,-14.28%,-10.70%
702,XJOJoulecoin,XJO,"$128,349",$0.003766,"34,085,172",Low Vol,2.67%,3.66%,17.87%
703,TRKTruckcoin,TRK,"$127,599",$0.000858,"148,799,053*",Low Vol,-0.60%,-13.34%,-40.21%
704,EVILEvil Coin,EVIL,"$125,820",$0.005986,"21,020,383",Low Vol,7.00%,6.16%,14.48%
705,BITGOLDbitGold,BITGOLD,"$123,673",$1374.61,89.9694*,Low Vol,1.46%,1.07%,-10.45%
706,BIGUPBigUp,BIGUP,"$122,891",$0.000059,"2,098,248,626",Low Vol,-1.92%,-6.97%,2.91%
707,GUNGuncoin,GUN,"$121,055",$0.000624,"193,854,028",Low Vol,-0.56%,-4.17%,-11.54%
708,UNITSGameUnits,UNITS,"$118,672",$0.034170,"3,472,983*",Low Vol,-0.57%,-4.39%,18.70%
709,JINJin Coin,JIN,"$118,528",$0.012035,"9,848,485",Low Vol,-0.55%,-40.61%,5.71%
710,BLCBlakecoin,BLC,"$117,795",$0.007789,"15,122,697",Low Vol,-3.18%,-15.35%,-4.31%
711,KUSHKushCoin,KUSH,"$117,740",$0.021621,"5,445,516",Low Vol,-0.55%,-11.32%,-13.44%
712,XRERevolverCoin,XRE,"$117,627",$0.005299,"22,199,721",Low Vol,-0.25%,-7.33%,-5.33%
713,CHESSChessCoin,CHESS,"$116,838",$0.002162,"54,032,769*",Low Vol,3.22%,-17.09%,-18.31%
714,VCVirtualCoin,VC,"$114,632",$0.011390,"10,064,287",Low Vol,-0.57%,-34.03%,-29.84%
715,MADSatoshiMadness,MAD,"$113,939",$0.000057,"2,000,683,485*",Low Vol,-0.57%,?,?
716,ACOINAcoin,ACOIN,"$112,886",$0.092523,"1,220,085",Low Vol,-0.57%,-5.96%,-14.85%
717,BERNBERNcash,BERN,"$110,622",$0.001553,"71,234,301",Low Vol,-3.23%,-12.99%,-11.97%
718,BTCRBitcurrency,BTCR,"$109,205",$0.000644,"169,598,616*",Low Vol,-0.55%,-26.02%,-19.64%
719,EVOEvotion,EVO,"$108,546",$0.034671,"3,130,735",Low Vol,-14.96%,10.52%,9.63%
720,DLCDollarcoin,DLC,"$104,763",$0.011504,"9,106,714",Low Vol,-0.57%,-9.10%,-2.48%
721,GPGoldPieces,GP,"$104,504",$0.085648,"1,220,161*",Low Vol,-0.81%,-4.84%,-18.41%
722,SMOKESmoke,SMOKE,"$103,507",$0.007736,"13,379,987*",Low Vol,1.34%,-10.70%,-17.88%
723,CNNCCannation,CNNC,"$102,570",$0.041411,"2,476,893",Low Vol,-18.12%,-28.61%,-7.51%
724,YACYacoin,YAC,"$101,860",$0.000854,"119,239,454",Low Vol,-6.77%,-4.35%,-9.42%
725,EMDEmerald Crypto,EMD,"$101,691",$0.005319,"19,117,129",Low Vol,6.14%,5.11%,-12.02%
726,ELElcoin,EL,"$100,455",$0.008962,"11,208,967*",Low Vol,9.63%,-27.93%,-40.26%
727,C2Coin2.1,C2,"$100,208",$0.001002,"99,976,323*",Low Vol,30.64%,?,-31.92%
728,TEKTEKcoin,TEK,"$99,755",$0.000071,"1,414,054,562",Low Vol,4.61%,13.42%,-53.87%
729,SHShilling,SH,"$99,687",$0.002604,"38,285,125*",Low Vol,-19.64%,-35.05%,-38.40%
730,Q2CQubitCoin,Q2C,"$98,904",$0.000399,"248,095,482",Low Vol,-0.57%,-4.35%,-29.95%
731,URCUnrealcoin,URC,"$98,410",$0.014010,"7,024,402",Low Vol,22.09%,1.81%,43.90%
732,KEDDarsek,KED,"$98,284",$0.007413,"13,258,414",Low Vol,-0.57%,-38.07%,-24.01%
733,KICKibiCoin,KIC,"$95,483",$0.006495,"14,701,000",Low Vol,6.55%,-7.10%,4.68%
734,PXPX,PX,"$94,857",$0.001025,"92,534,442",Low Vol,5.31%,-0.14%,-35.69%
735,BSTYGlobalBoost-Y,BSTY,"$92,202",$0.007130,"12,931,618",Low Vol,4.07%,-5.14%,-18.26%
736,FRKFranko,FRK,"$91,384",$0.098182,"930,767",Low Vol,-0.57%,-15.65%,-8.44%
737,020020LondonCoin,020,"$90,271",$5.8e-07,"156,617,510,248",Low Vol,?,?,-10.62%
738,888OctoCoin,888,"$89,215",$0.001784,"50,013,500",Low Vol,0.73%,-1.98%,-17.10%
739,MTMMTMGaming,MTM,"$89,062",$0.029688,"2,999,967*",Low Vol,-1.70%,62.11%,26.15%
740,GAPGapcoin,GAP,"$88,712",$0.007531,"11,780,169",Low Vol,-1.07%,11.70%,32.18%
741,XCOX-Coin,XCO,"$88,365",$0.007135,"12,384,976*",Low Vol,-0.58%,44.04%,-24.13%
742,DGCDigitalcoin,DGC,"$86,109",$0.003191,"26,988,469",Low Vol,-1.25%,-6.65%,-8.26%
743,CORGCorgiCoin,CORG,"$83,374",$0.000067,"1,251,855,418*",Low Vol,-0.57%,-46.78%,-57.35%
744,SLINGSling,SLING,"$82,579",$0.076883,"1,074,095*",Low Vol,-0.57%,-4.39%,?
745,ARGArgentum,ARG,"$80,724",$0.009700,"8,322,097",Low Vol,-0.95%,7.51%,9.48%
746,ELEElementrem,ELE,"$80,335",$0.003132,"25,647,701",Low Vol,-0.55%,-35.08%,-17.12%
747,CATCatcoin,CAT,"$79,206",$0.013042,"6,073,300",Low Vol,-1.12%,-6.33%,30.36%
748,FIREFirecoin,FIRE,"$78,795",$0.800661,"98,412*",Low Vol,8.61%,6.86%,1.82%
749,SRCSecureCoin,SRC,"$78,698",$0.009682,"8,128,711",Low Vol,-0.57%,?,-5.85%
750,ANTIAntiBitcoin,ANTI,"$78,577",$0.004499,"17,465,159",Low Vol,-0.57%,-5.55%,-6.69%
751,BASBitAsean,BAS,"$78,553",$0.015711,"5,000,000*",Low Vol,-0.33%,-18.31%,-48.03%
752,HMPHempCoin,HMP,"$77,261",$0.000057,"1,356,645,470",Low Vol,-0.55%,-4.39%,0.02%
753,WMCWMCoin,WMC,"$76,153",$0.006606,"11,527,489*",Low Vol,-0.55%,?,-22.47%
754,DUOParallelCoin,DUO,"$75,286",$0.249664,"301,548",Low Vol,-0.59%,-6.03%,-16.42%
755,DRMDreamcoin,DRM,"$75,192",$0.030696,"2,449,568*",Low Vol,6.56%,?,-27.23%
756,TTCTittieCoin,TTC,"$74,076",$0.000059,"1,259,816,434",Low Vol,-1.36%,-8.06%,-44.40%
757,SPACESpaceCoin,SPACE,"$73,277",$0.003667,"19,984,313",Low Vol,-0.62%,1.28%,-8.73%
758,BITEURbitEUR,BITEUR,"$73,171",$1.22,"59,984*",Low Vol,1.69%,1.17%,-0.15%
759,CRXChronos,CRX,"$71,226",$0.000966,"73,729,962",Low Vol,-5.53%,48.91%,19.15%
760,GPUGPU Coin,GPU,"$69,406",$0.001715,"40,477,042",Low Vol,7.43%,-2.75%,-14.21%
761,STVSativacoin,STV,"$69,097",$0.009752,"7,085,171",Low Vol,-0.53%,-12.26%,-11.81%
762,QCNQuazarCoin,QCN,"$68,852",$0.011390,"6,044,911",Low Vol,-18.09%,-37.89%,-30.07%
763,MCRNMACRON,MCRN,"$68,415",$0.000170,"401,421,401*",Low Vol,32.11%,-45.38%,199.34%
764,ISLIslaCoin,ISL,"$66,795",$0.044127,"1,513,704*",Low Vol,?,?,?
765,REDRedCoin,RED,"$66,672",$0.000900,"74,107,896",Low Vol,-0.63%,-5.56%,-1.23%
766,ARCOAquariusCoin,ARCO,"$66,568",$0.046599,"1,428,534*",Low Vol,-3.35%,-18.45%,-28.06%
767,DRACODT Token,DRACO,"$65,809",$0.000740,"88,888,888*",Low Vol,-0.55%,-37.86%,-65.39%
768,300300 Token,300,"$64,923",$216.41,300*,Low Vol,-0.57%,-4.39%,-7.47%
769,ARIAricoin,ARI,"$64,071",$0.000457,"140,262,505",Low Vol,-0.59%,-4.16%,-16.55%
770,KURTKurrent,KURT,"$63,317",$0.006383,"9,919,485",Low Vol,27.24%,42.98%,21.28%
771,PASLPascal Lite,PASL,"$62,783",$0.016857,"3,724,400",Low Vol,-0.57%,-3.84%,-9.62%
772,VEC2Vector,VEC2,"$62,724",$0.003816,"16,438,451",Low Vol,-0.55%,?,-16.15%
773,BCFBitcoinFast,BCF,"$62,279",$0.014890,"4,182,494",Low Vol,-0.61%,-29.66%,-31.79%
774,TSETattoocoin (S...,TSE,"$61,807",$0.000684,"90,421,856*",Low Vol,-0.56%,-8.22%,-47.38%
775,HALHalcyon,HAL,"$60,360",$0.011732,"5,145,059",Low Vol,-0.57%,-6.16%,-11.84%
776,ADCNAsiadigicoin,ADCN,"$59,633",$0.002392,"24,931,054",Low Vol,-0.55%,18.10%,0.02%
777,SPTSpots,SPT,"$58,568",$0.002614,"22,406,021",Low Vol,-4.41%,-15.43%,-27.30%
778,611SixEleven,611,"$58,445",$0.136934,"426,808",Low Vol,-0.58%,-17.28%,20.12%
779,DRSDigital Rupees,DRS,"$58,180",$0.000114,"510,802,961*",Low Vol,98.89%,91.21%,42.19%
780,XTCTileCoin,XTC,"$57,373",$0.000574,"100,000,000*",Low Vol,?,?,6.35%
781,IMSIndependent M...,IMS,"$55,955",$0.010422,"5,368,934",Low Vol,-0.55%,-4.56%,-2.37%
782,GCCGuccioneCoin,GCC,"$55,453",$0.002734,"20,285,537*",Low Vol,-0.55%,-17.20%,-28.48%
783,XCTC-Bit,XCT,"$55,267",$0.000352,"157,223,250",Low Vol,-16.70%,-42.81%,-51.98%
784,NDAONeuroDAO,NDAO,"$54,671",$0.315048,"173,532*",Low Vol,-0.55%,-27.71%,-50.13%
785,MSTMustangCoin,MST,"$52,452",$0.083212,"630,343",Low Vol,0.12%,-3.35%,-38.90%
786,MARSMarscoin,MARS,"$51,745",$0.001830,"28,279,074",Low Vol,-0.57%,-13.31%,-35.01%
787,UROUro,URO,"$51,567",$0.042713,"1,207,310",Low Vol,-0.57%,-4.35%,0.07%
788,QTLQuatloo,QTL,"$50,802",$0.006590,"7,708,375",Low Vol,-0.53%,-1.88%,-12.36%
789,BVCBeaverCoin,BVC,"$50,386",$0.016174,"3,115,258",Low Vol,-0.57%,17.46%,18.19%
790,WORMHealthyWormCoin,WORM,"$50,051",$0.000456,"109,857,460",Low Vol,-0.55%,-4.39%,-30.59%
791,WARPWARP,WARP,"$49,899",$0.045560,"1,095,224*",Low Vol,12.08%,44.38%,5.97%
792,BTPLBitcoin Planet,BTPL,"$49,420",$0.009355,"5,282,585",Low Vol,0.05%,-9.40%,-46.85%
793,PONZIPonziCoin,PONZI,"$49,040",$0.056950,"861,099",Low Vol,-0.55%,-32.23%,-33.09%
794,BUMBABumbaCoin,BUMBA,"$48,236",$0.002159,"22,341,900",Low Vol,-0.79%,-9.39%,43.67%
795,ATXArtex Coin,ATX,"$48,066",$0.002559,"18,781,750",Low Vol,-0.57%,-18.28%,10.05%
796,ALLAllion,ALL,"$48,046",$0.007750,"6,199,359",Low Vol,-0.55%,-3.14%,-26.44%
797,MARMarijuanacoin,MAR,"$47,664",$0.035205,"1,353,893",Low Vol,-0.34%,-4.84%,-11.14%
798,MSCNMaster Swiscoin,MSCN,"$47,587",$0.001084,"43,894,020*",Low Vol,-0.47%,-10.45%,-19.16%
799,$$$Money,$$$,"$46,680",$0.001017,"45,887,218",Low Vol,-0.65%,-9.04%,-2.39%
800,CPNCompuCoin,CPN,"$45,892",$0.002340,"19,615,019",Low Vol,-6.23%,-11.39%,-7.70%
801,EUCEurocoin,EUC,"$45,715",$0.003731,"12,254,253",Low Vol,2.12%,-18.64%,-24.43%
802,TIXTickets,TIX,"$45,437",$6.8e-07,"66,876,281,414",Low Vol,?,?,-47.53%
803,CXTCoinonat,CXT,"$44,411",$0.005150,"8,623,200",Low Vol,-16.81%,11.49%,-13.95%
804,GTCGlobal Tour Coin,GTC,"$43,816",$0.001467,"29,867,965",Low Vol,?,-1.49%,-28.43%
805,ICOBICOBID,ICOB,"$43,007",$0.000405,"106,082,162*",Low Vol,-0.49%,-11.00%,-26.92%
806,JWLJewels,JWL,"$42,526",$0.002107,"20,181,636*",Low Vol,2.21%,-4.39%,8.36%
807,4CHNChanCoin,4CHN,"$42,346",$0.006338,"6,680,821",Low Vol,-1.99%,-26.95%,-42.52%
808,XBTC21Bitcoin 21,XBTC21,"$42,141",$0.053134,"793,108*",Low Vol,2.98%,5.82%,-52.56%
809,PHOPhoton,PHO,"$41,860",$0.000002,"19,849,498,015",Low Vol,-1.07%,-7.92%,9.15%
810,DBTCDebitcoin,DBTC,"$41,656",$0.002314,"17,999,457",Low Vol,-27.56%,-22.77%,-18.26%
811,ERYEryllium,ERY,"$41,638",$0.008472,"4,914,659",Low Vol,-0.58%,-1.82%,-14.00%
812,BLRYBillaryCoin,BLRY,"$41,476",$0.004613,"8,991,278",Low Vol,-1.09%,?,-8.97%
813,MEOWKittehcoin,MEOW,"$41,380",$0.000002,"23,905,669,976",Low Vol,-1.06%,-9.29%,-14.81%
814,GBCGBCGoldCoin,GBC,"$40,939",$0.003603,"11,361,817",Low Vol,-4.98%,-0.84%,-9.78%
815,UETUseless Ether...,UET,"$40,676",$0.010257,"3,965,716*",Low Vol,-0.35%,-9.51%,-28.47%
816,ARBARbit,ARB,"$40,659",$0.005410,"7,515,160",Low Vol,-0.57%,?,-37.09%
817,SCRTSecretCoin,SCRT,"$40,458",$0.009568,"4,228,672*",Low Vol,-0.57%,-19.65%,?
818,DIBCDIBCOIN,DIBC,"$39,865",$0.007973,"5,000,000*",Low Vol,-0.55%,-15.50%,-41.18%
819,MNDMindCoin,MND,"$38,585",$0.003075,"12,546,625",Low Vol,-3.63%,-18.05%,-13.62%
820,PULSEPulse,PULSE,"$38,453",$0.002689,"14,298,972",Low Vol,1.82%,4.99%,-2.20%
821,HXXHexx,HXX,"$38,048",$0.026064,"1,459,814*",Low Vol,-0.57%,19.27%,-22.81%
822,CABCabbage,CAB,"$37,075",$0.003531,"10,499,996*",Low Vol,-0.55%,122.87%,87.69%
823,BSTARBlackstar,BSTAR,"$37,052",$0.000059,"630,795,971*",Low Vol,?,0.20%,3.02%
824,ASAFE2AllSafe,ASAFE2,"$36,921",$0.004598,"8,030,000*",Low Vol,-1.07%,-16.16%,-30.68%
825,BIPBipCoin,BIP,"$36,778",$0.022601,"1,627,261",Low Vol,-0.64%,-5.67%,-47.56%
826,ACPAnarchistsPrime,ACP,"$36,707",$0.008352,"4,394,874",Low Vol,14.47%,55.65%,60.66%
827,SOONSoonCoin,SOON,"$35,816",$0.002874,"12,462,620*",Low Vol,?,?,25.70%
828,ZMCZetaMicron,ZMC,"$35,278",$0.000059,"600,344,291*",Low Vol,?,-1.35%,3.21%
829,NEVANevaCoin,NEVA,"$34,491",$0.014854,"2,322,005",Low Vol,-0.74%,-23.06%,-31.76%
830,PLNCPLNcoin,PLNC,"$33,091",$0.001936,"17,089,600",Low Vol,-0.57%,?,-26.01%
831,SOILSOILcoin,SOIL,"$32,473",$0.005695,"5,702,048",Low Vol,-0.55%,-5.92%,-31.07%
832,PHSPhilosopher S...,PHS,"$32,234",$0.013269,"2,429,219*",Low Vol,-0.57%,-35.21%,-36.83%
833,FLVRFlavorCoin,FLVR,"$32,134",$0.001538,"20,898,106*",Low Vol,-0.55%,-28.26%,?
834,AGLCAgrolifeCoin,AGLC,"$31,139",$0.004556,"6,834,742*",Low Vol,-0.55%,-4.39%,-52.37%
835,MTLMC3Metal Music Coin,MTLMC3,"$30,691",$0.000385,"79,719,140",Low Vol,-0.55%,-0.33%,12.77%
836,BRAINBraincoin,BRAIN,"$30,437",$0.003075,"9,897,265*",Low Vol,-1.31%,-27.25%,-37.18%
837,GBTGameBet Coin,GBT,"$30,273",$0.001424,"21,262,780*",Low Vol,-0.55%,?,-21.86%
838,JOBSJobsCoin,JOBS,"$30,189",$0.000285,"106,019,270",Low Vol,-0.55%,?,-25.44%
839,COXSTCoExistCoin,COXST,"$29,794",$0.001099,"27,100,000*",Low Vol,0.05%,?,-64.88%
840,KNCKingN Coin,KNC,"$29,678",$14.79,"2,007*",Low Vol,61.68%,33.42%,27.67%
841,POPPopularCoin,POP,"$29,549",$0.000009,"3,372,875,244",Low Vol,-1.91%,-7.94%,-25.98%
842,DESDestiny,DES,"$29,523",$0.018452,"1,600,000",Low Vol,-0.74%,?,156.23%
843,HKGHacker Gold,HKG,"$29,371",$0.001823,"16,110,893*",Low Vol,?,?,-31.90%
844,BENJIBenjiRolls,BENJI,"$28,441",$0.001406,"20,230,195",Low Vol,-0.54%,-10.89%,-25.18%
845,COALBitCoal,COAL,"$27,741",$0.006165,"4,500,000",Low Vol,-1.05%,-17.21%,-16.55%
846,CMTComet,CMT,"$27,235",$0.031203,"872,830",Low Vol,0.46%,-25.85%,-34.18%
847,CNCCHNCoin,CNC,"$27,142",$0.000626,"43,365,367",Low Vol,-0.66%,-12.20%,11.94%
848,AMMOAmmo Rewards,AMMO,"$26,577",$0.000342,"77,777,777*",Low Vol,-0.55%,-16.71%,-29.96%
849,TAGRTAGRcoin,TAGR,"$26,427",$0.000683,"38,669,634*",Low Vol,-0.57%,-11.75%,-0.19%
850,ZYDZayedcoin,ZYD,"$26,313",$0.004214,"6,243,840",Low Vol,1.27%,-22.75%,-29.62%
851,QBKQibuck Asset,QBK,"$26,172",$0.015659,"1,671,379*",Low Vol,-1.70%,-5.18%,410.36%
852,NRONeuro,NRO,"$25,809",$0.000854,"30,212,662",Low Vol,-0.55%,-42.38%,-37.63%
853,XCRECreatio,XCRE,"$25,710",$0.001253,"20,520,514*",Low Vol,-0.55%,-29.89%,-37.13%
854,STEPSSteps,STEPS,"$25,457",$0.001367,"18,625,017*",Low Vol,-0.55%,-32.51%,-16.60%
855,LUNALuna Coin,LUNA,"$24,787",$0.015696,"1,579,205",Low Vol,-0.55%,-6.33%,-6.45%
856,CESCCryptoEscudo,CESC,"$24,620",$0.000171,"144,105,100",Low Vol,-19.70%,-4.35%,-39.98%
857,OFFCthulhu Offer...,OFF,"$24,307",$0.009270,"2,622,271",Low Vol,?,?,?
858,BSCBowsCoin,BSC,"$24,022",$0.004328,"5,550,102",Low Vol,-0.55%,-1.81%,0.47%
859,KRONEKronecoin,KRONE,"$23,792",$0.008788,"2,707,424",Low Vol,-3.27%,-16.25%,-23.99%
860,GPLGold Pressed ...,GPL,"$23,784",$0.096872,"245,515",Low Vol,-0.55%,-2.21%,-42.32%
861,JIOJIO Token,JIO,"$23,690",$0.012415,"1,908,128*",Low Vol,-0.57%,?,-6.45%
862,ORLYOrlycoin,ORLY,"$22,957",$0.000626,"36,646,779",Low Vol,-0.57%,-12.36%,-21.41%
863,G3NG3N,G3N,"$22,823",$0.003018,"7,561,891",Low Vol,-0.57%,-43.07%,-48.52%
864,DLISKDAPPSTER,DLISK,"$22,780",$0.000228,"100,000,000*",Low Vol,-0.55%,-36.26%,-33.30%
865,CRTCRTCoin,CRT,"$21,669",$0.273360,"79,270",Low Vol,-0.57%,-4.35%,0.04%
866,PRXPrinterium,PRX,"$21,544",$0.001822,"11,821,728",Low Vol,-0.55%,9.26%,-14.48%
867,XBTSBeatcoin,XBTS,"$21,205",$0.013908,"1,524,686",Low Vol,-15.50%,-1.28%,1.85%
868,EGOEGO,EGO,"$20,502",$0.000342,"60,000,001*",Low Vol,-0.57%,-4.39%,-14.51%
869,BIOSBiosCrypto,BIOS,"$20,159",$0.000968,"20,821,709*",Low Vol,-0.55%,?,-36.39%
870,SONGSongCoin,SONG,"$20,068",$0.000616,"32,565,300",Low Vol,-19.33%,-5.95%,-17.08%
871,SFCSolarflarecoin,SFC,"$19,815",$0.001407,"14,083,450",Low Vol,-0.74%,-62.25%,-33.25%
872,IMPSImpulseCoin,IMPS,"$19,601",$0.000968,"20,245,510",Low Vol,-0.55%,-4.39%,0.09%
873,IMXImpact,IMX,"$19,588",$0.000179,"109,508,915",Low Vol,?,?,35.47%
874,BLZBlazeCoin,BLZ,"$19,206",$0.000032,"608,557,394",Low Vol,-5.49%,-10.80%,-21.13%
875,TORTorcoin,TOR,"$19,068",$0.060306,"316,179",Low Vol,?,?,-59.98%
876,VIPVIP Tokens,VIP,"$19,010",$0.000228,"83,450,403*",Low Vol,-0.57%,-45.37%,27.47%
877,WBCWalletBuilder...,WBC,"$18,969",$1.01,"18,711*",Low Vol,-0.55%,-29.43%,-20.64%
878,DIXDix Asset,DIX,"$17,523",$1.8e-07,"100,000,000,000*",Low Vol,-0.89%,-33.27%,72.57%
879,LTCRLitecred,LTCR,"$16,774",$0.000555,"30,227,750",Low Vol,-1.33%,-31.58%,7.45%
880,LIRLetItRide,LIR,"$16,463",$0.000456,"36,133,771*",Low Vol,32.55%,-4.39%,-0.07%
881,PEXPosEx,PEX,"$16,346",$0.006663,"2,453,240",Low Vol,-0.55%,?,-14.51%
882,VTAVirtacoin,VTA,"$15,740",$0.000003,"5,201,310,113",Low Vol,-1.76%,-40.17%,-41.33%
883,MGMMagnum,MGM,"$15,161",$0.003930,"3,858,251",Low Vol,-0.55%,15.73%,33.71%
884,CONXConcoin,CONX,"$14,871",$0.019980,"744,266",Low Vol,-8.37%,67.71%,8.67%
885,FUZZFuzzBalls,FUZZ,"$14,713",$0.003046,"4,829,945",Low Vol,-0.52%,-13.31%,-6.00%
886,OS76OsmiumCoin,OS76,"$14,409",$0.016117,"894,026",Low Vol,41.18%,30.14%,36.45%
887,FRAZFrazcoin,FRAZ,"$13,840",$0.001637,"8,452,572",Low Vol,-4.73%,-2.01%,5.47%
888,TRADETradecoin,TRADE,"$13,683",$0.002107,"6,493,575",Low Vol,-0.55%,-47.20%,-64.95%
889,HVCOHigh Voltage,HVCO,"$13,615",$0.009112,"1,494,171*",Low Vol,-0.55%,?,-27.21%
890,DPAYDPAY,DPAY,"$13,590",$0.000171,"79,541,001",Low Vol,-0.55%,-42.64%,?
891,RSGPRSGPcoin,RSGP,"$13,529",$7.84,"1,726*",Low Vol,-0.57%,-13.45%,-11.20%
892,SOCCSocialCoin,SOCC,"$13,143",$0.009491,"1,384,879",Low Vol,0.37%,163.09%,-35.21%
893,IBANKiBank,IBANK,"$12,889",$0.002848,"4,526,324",Low Vol,-0.55%,?,-15.27%
894,SCSSpeedcash,SCS,"$12,809",$0.048920,"261,831",Low Vol,-0.55%,-18.52%,-10.96%
895,SLEVINSlevin,SLEVIN,"$12,405",$0.000177,"70,000,000*",Low Vol,?,-0.83%,-22.19%
896,XOCXonecoin,XOC,"$11,960",$0.028475,"420,000*",Low Vol,7.33%,114.40%,-18.01%
897,ALTCAntilitecoin,ALTC,"$11,915",$0.000378,"31,512,613",Low Vol,-5.71%,6.69%,-35.81%
898,RIDERide My Car,RIDE,"$11,535",$0.000114,"101,276,976*",Low Vol,-42.01%,-52.20%,-55.68%
899,SANDGSave and Gain,SANDG,"$11,520",$0.003759,"3,064,800",Low Vol,-0.57%,-5.78%,0.04%
900,BIOBBioBar,BIOB,"$11,350",$0.012814,"885,756*",Low Vol,-0.55%,?,-26.40%
901,SDPSydPak,SDP,"$10,989",$0.068910,"159,476*",Low Vol,4.92%,13.71%,16.65%
902,BNXBnrtxCoin,BNX,"$10,989",$0.000446,"24,638,001",Low Vol,-1.43%,29.65%,-12.54%
903,ZNEZonecoin,ZNE,"$10,146",$0.003930,"2,581,970",Low Vol,-0.57%,3.08%,?
904,DOLLARDollar Online,DOLLAR,"$9,530",$0.012643,"753,776",Low Vol,-0.55%,-38.82%,-25.98%
905,NANOXProject-X,NANOX,"$9,131","$116,675",0.078264*,Low Vol,?,-2.06%,-14.27%
906,VPRCVapersCoin,VPRC,"$8,867",$0.000011,"780,124,964",Low Vol,-0.96%,8.62%,-69.75%
907,CCM100CCMiner,CCM100,"$7,718",$0.002297,"3,360,417*",Low Vol,-1.70%,-2.87%,-12.95%
908,ARGUSArgus,ARGUS,"$7,592",$0.006611,"1,148,324",Low Vol,-5.64%,-12.15%,-25.05%
909,XRCRawcoin,XRC,"$7,298",$0.010354,"704,882",Low Vol,-0.54%,-5.34%,10.85%
910,GEERTGeertCoin,GEERT,"$6,177",$0.001213,"5,091,200",Low Vol,-0.57%,-37.85%,-47.45%
911,VOLTBitvolt,VOLT,"$6,025",$0.000399,"15,112,554*",Low Vol,-0.55%,-4.39%,-22.20%
912,SLFISelfiecoin,SLFI,"$6,017",$0.000056,"107,829,281",Low Vol,?,?,-1.99%
913,P7CP7Coin,P7C,"$6,017",$0.000171,"35,220,238",Low Vol,-0.55%,-28.28%,-24.98%
914,ELSElysium,ELS,"$5,702",$0.001424,"4,005,012",Low Vol,-0.55%,-9.18%,19.31%
915,REVRevenu,REV,"$5,702",$0.004770,"1,195,525",Low Vol,?,?,-61.08%
916,BQCBBQCoin,BQC,"$5,574",$0.000110,"50,765,854",Low Vol,-0.78%,-7.79%,92.85%
917,MNCMantraCoin,MNC,"$4,757",$0.001023,"4,650,380*",Low Vol,?,1.01%,-10.20%
918,NODCNodeCoin,NODC,"$4,397",$0.002620,"1,678,439",Low Vol,-0.55%,?,-7.96%
919,LBTCLiteBitcoin,LBTC,"$4,238",$0.001329,"3,188,280",Low Vol,4.77%,-22.40%,-41.57%
920,OCEANBurstOcean,OCEAN,"$3,797",$0.017925,"211,827*",Low Vol,-1.70%,-13.31%,-25.90%
921,XNGEnigma,XNG,"$3,456",$0.207868,"16,627",Low Vol,-4.51%,-16.60%,-42.62%
922,SOJSojourn,SOJ,"$3,316",$0.006834,"485,214",Low Vol,-0.56%,-21.50%,-2.18%
923,PWRPowercoin,PWR,"$2,847",$0.000057,"49,983,870",Low Vol,-0.55%,-4.39%,0.02%
924,LEXLex4All,LEX,"$2,796",$0.002796,"1,000,000*",Low Vol,-1.70%,-5.25%,-26.44%
925,CFCalifornium,CF,"$2,354",$0.021185,"111,110",Low Vol,-0.57%,-25.90%,-29.06%
926,PIZZAPizzaCoin,PIZZA,"$2,205",$0.001601,"1,377,917",Low Vol,-0.55%,?,?
927,FDCFuture Digita...,FDC,"$1,568",$0.000570,"2,753,201",Low Vol,-0.55%,?,-3.01%
928,ENVEnviron,ENV,"$1,282",$0.000010,"132,656,584*",Low Vol,-0.35%,-74.74%,75.29%
929,MUGMikeTheMug,MUG,"$1,117",$0.001117,"1,000,000*",?,?,?,-10.19%
930,EBTEbittree Coin,EBT,$753,$0.000608,"1,239,601",Low Vol,-0.55%,-4.06%,-67.30%
931,DGCSDigital Credits,DGCS,$332,$0.000057,"5,826,388",Low Vol,-0.57%,-68.12%,-44.21%
932,CALCCaliphCoin,CALC,$90,$0.001037,"87,140",Low Vol,-0.55%,8.75%,25.13%
933,FRGCFargocoin,FRGC,?,$7.57,?,"$990,889",-0.02%,-0.66%,-4.88%
934,LIFELIFE,LIFE,?,$0.000132,?*,"$731,200",-10.12%,?,?
935,XTZTezos (Pre-La...,XTZ,?,$1.73,?,"$524,280",0.79%,-0.54%,-32.45%
936,FLIKFLiK,FLIK,?,$0.070123,?*,"$453,129",-3.15%,-35.92%,-65.55%
937,KLNKolion,KLN,?,$1.57,?,"$360,602",0.23%,-3.65%,-12.24%
938,B2XSegWit2x [Fut...,B2X,?,$999.49,?,"$298,567",-0.20%,12.99%,?
939,INFInfChain,INF,?,$0.007079,?,"$292,492",-0.35%,-5.89%,-12.31%
940,COBCobinhood,COB,?,$0.046202,?*,"$202,201",4.82%,-26.19%,-11.99%
941,AIONAion,AION,?,$0.524047,?*,"$175,573",-0.66%,-10.41%,?
942,EVREverus,EVR,?,$4.06,?*,"$165,331",1.37%,3.61%,?
943,ACTAchain,ACT,?,$0.069422,?*,"$164,738",-0.65%,-3.42%,16.75%
944,INDIndorse Token,IND,?,$0.046629,?*,"$151,690",-0.28%,-10.75%,-46.38%
945,ZSCZeusshield,ZSC,?,$0.041290,?*,"$148,800",-0.46%,-7.05%,25.71%
946,BSRBitSoar,BSR,?,$0.085482,?,"$121,191",-0.55%,-9.38%,?
947,MGCGulfCoin,MGC,?,$0.003702,?,"$115,172",5.97%,4.31%,-16.17%
948,YOYOWYOYOW,YOYOW,?,$0.029832,?*,"$101,496",-2.43%,-10.22%,-14.14%
949,XIDSphre AIR,XID,?,$0.241685,?*,"$88,164",-0.30%,-2.78%,-3.11%
950,UGTUG Token,UGT,?,$0.299390,?*,"$74,432",-0.33%,-5.68%,-24.98%
951,CLUBClubCoin,CLUB,?,$0.345752,?*,"$71,895",-1.10%,-9.90%,-19.62%
952,EUSDeUSD,EUSD,?,$0.009009,?*,"$71,660",19.51%,1.06%,?
953,SICSwisscoin,SIC,?,$0.000683,?,"$62,420",-4.53%,-21.18%,?
954,THSTechShares,THS,?,$0.478657,?*,"$50,123",-0.35%,-3.38%,-17.47%
955,MSDMSD,MSD,?,$0.017142,?*,"$49,519",-2.07%,-7.51%,-30.88%
956,ORMEOrmeus Coin,ORME,?,$0.410319,?*,"$49,353",-9.14%,-21.20%,-23.06%
957,SDRNSenderon,SDRN,?,$0.011531,?*,"$46,930",12.86%,-24.23%,-7.18%
958,BTDXBitcloud,BTDX,?,$0.579116,?,"$45,294",0.90%,3.38%,-23.22%
959,CCTCrystal Clear,CCT,?,$0.827530,?*,"$43,024",8.72%,31.04%,-27.92%
960,XINInfinity Econ...,XIN,?,$0.009936,?*,"$39,023",-7.16%,-15.12%,-39.78%
961,GBGGolos Gold,GBG,?,$0.087147,?*,"$37,075",-4.58%,-12.53%,-27.37%
962,SJCXStorjcoin X,SJCX,?,$0.311460,?*,"$31,857",-4.21%,-13.08%,-36.30%
963,CAGChange,CAG,?,$0.215117,?*,"$29,585",-0.46%,8.55%,?
964,CORCORION,COR,?,$0.901991,?*,"$25,966",-0.55%,-3.20%,37.53%
965,AURSAureus,AURS,?,$3.99,?*,"$22,244",-0.55%,-12.92%,3.78%
966,AKYAkuya Coin,AKY,?,$0.437946,?,"$21,617",0.39%,-13.13%,-88.24%
967,B@Bankcoin,B@,?,$1.51,?*,"$18,969",-7.34%,-32.24%,143.73%
968,KEXCOINKexCoin,KEXCOIN,?,$14.24,?*,"$18,469",-0.55%,-4.39%,-0.22%
969,RHOCRChain,RHOC,?,$0.149911,?*,"$17,099",-8.13%,-7.91%,-26.38%
970,HDGHedge,HDG,?,$0.656816,?*,"$16,467",-8.29%,?,?
971,XGOXGO! Coin,XGOX,?,$0.015419,?,"$16,401",-5.15%,-6.29%,?
972,BCCSBitcoinCashSc...,BCCS,?,$0.041346,?,"$13,076",-8.10%,-22.63%,?
973,BTGBitgem,BTG,?,$3.93,?,"$12,351",10.62%,171.59%,348.49%
974,DFSDFSCoin,DFS,?,$0.018933,?,"$11,853",-5.73%,-34.26%,10.39%
975,DRTDomRaider,DRT,?,$0.046495,?*,"$11,669",10.64%,-8.54%,?
976,LLTLLToken,LLT,?,$0.086490,?*,"$10,954",0.42%,-5.15%,?
977,MCRMacro,MCR,?,$3.10,?*,"$10,704",-0.55%,-21.01%,-37.90%
978,DUTCHDutch Coin,DUTCH,?,$0.000797,?,"$10,474",-7.18%,-4.77%,?
979,XIDInternational...,XID,?,$0.005012,?,"$9,151",-8.84%,-5.47%,-1.96%
980,DAYChronologic,DAY,?,$2.93,?*,"$9,121",15.18%,-44.79%,-58.03%
981,BUZZBuzzCoin,BUZZ,?,$0.000342,?,"$9,084",3.67%,-2.06%,63.37%
982,DEUSDeusCoin,DEUS,?,$0.328716,?,"$8,896",-1.05%,-8.61%,-6.19%
983,BTUBitcoin Unlim...,BTU,?,$184.10,?,"$8,373",0.00%,-11.16%,-47.98%
984,CTIC3Coimatic 3.0,CTIC3,?,$19.93,?*,"$8,033",-0.55%,6.61%,?
985,RUNNERSRunners,RUNNERS,?,$0.000285,?*,"$7,579",-6.76%,?,?
986,BSNBastonet,BSN,?,$0.001082,?*,"$6,392",11.15%,-30.39%,-78.71%
987,WAWA Space,WA,?,$0.013156,?,"$5,924",-0.91%,-16.31%,-13.61%
988,MTNCMasternodecoin,MTNC,?,$0.085482,?*,"$5,904",4.17%,-26.89%,13.26%
989,SNDSand Coin,SND,?,$0.924034,?*,"$5,451",-3.14%,-26.49%,-35.10%
990,EGGEggCoin,EGG,?,$0.024375,?*,"$5,253",-0.59%,-4.57%,?
991,SIGMASIGMAcoin,SIGMA,?,$0.055443,?*,"$4,515",-0.33%,-1.46%,17.68%
992,NAMONamoCoin,NAMO,?,$0.000116,?,"$4,264",-0.63%,-36.90%,-51.86%
993,SURSuretly,SUR,?,$2.80,?*,"$3,856",-0.33%,-5.62%,-21.63%
994,BETBetaCoin,BET,?,$0.004440,?,"$3,582",-0.71%,-49.82%,0.63%
995,ETTEncryptoTel [...,ETT,?,$0.060336,?*,"$3,350",-29.69%,-11.57%,21.91%
996,AIBAdvanced Inte...,AIB,?,$0.006767,?,"$3,314",6.06%,27.62%,37.71%
997,ACCAdCoin,ACC,?,$0.151666,?,"$3,272",5.95%,-8.11%,-29.98%
998,PCSPabyosi Coin ...,PCS,?,$0.091462,?,"$3,267",-0.82%,-12.21%,-6.80%
999,BITCFFirst Bitcoin...,BITCF,?,$0.170224,?*,"$2,617",-0.55%,-5.12%,-32.51%
1000,MINEXMinex,MINEX,?,$0.040453,?*,"$2,280",-10.89%,-17.97%,-43.83%
1001,TYCTyrocoin,TYC,?,$0.141236,?,"$2,130",-0.55%,3.11%,-7.75%
1002,PRNProtean,PRN,?,$0.000004,?*,"$1,852",-0.47%,-55.68%,-91.32%
1003,HGTHelloGold,HGT,?,$0.010322,?*,"$1,767",-0.37%,16.64%,-37.84%
1004,OXOX Fina,OX,?,$0.006606,?*,"$1,735",-20.44%,-20.54%,-51.27%
1005,STEXSTEX,STEX,?,$0.114056,?*,"$1,639",-0.89%,-6.46%,-19.84%
1006,FLASHFlash,FLASH,?,$0.004442,?*,"$1,606",-4.24%,-13.92%,-3.96%
1007,9COIN9COIN,9COIN,?,$0.006435,?*,"$1,548",-0.55%,-31.54%,-18.00%
1008,WILDWild Crypto,WILD,?,$0.084655,?*,"$1,386",0.13%,-39.91%,-14.82%
1009,ASNAseancoin,ASN,?,$0.006834,?,"$1,386",-0.55%,25.88%,37.55%
1010,WICWi Coin,WIC,?,$0.004921,?*,"$1,326",7.70%,-9.57%,-34.68%
1011,PRESPresident Trump,PRES,?,$0.003394,?*,"$1,290",-0.50%,44.83%,-26.04%
1012,ABCAlphabit,ABC,?,$17.82,?*,"$1,283",-0.51%,16.70%,-2.77%
1013,RUBITRubleBit,RUBIT,?,$0.002613,?,"$1,245",8.72%,-5.07%,-10.15%
1014,XOTInternet of T...,XOT,?,$1138.43,?*,"$1,233",-0.55%,-4.39%,0.02%
1015,LEPENLePen,LEPEN,?,$0.000112,?*,"$1,233",35.09%,78.84%,93.25%
1016,INDIAIndia Coin,INDIA,?,$0.000228,?*,"$1,172",-0.55%,-32.56%,-43.86%
1017,GARYPresident Joh...,GARY,?,$0.113388,?*,"$1,172",-0.55%,-4.73%,-33.59%
1018,TESLATeslaCoilCoin,TESLA,?,$1.08,?*,"$1,105",-0.57%,-4.35%,0.06%
1019,SWPSwapcoin,SWP,?,$0.105341,?*,"$1,103",-0.33%,-49.18%,?
1020,BRATBRAT,BRAT,?,$0.000282,?*,$967,-0.53%,27.06%,60.04%
1021,PACPaccoin,PAC,?,$1.6e-07,?,$933,-3.16%,-11.83%,-83.37%
1022,AMSAmsterdamCoin,AMS,?,$0.003296,?,$926,2.48%,-3.27%,-24.01%
1023,TERTerraNova,TER,?,$3.87,?,$707,5.83%,-4.07%,-36.36%
1024,MRJAGanjaCoin,MRJA,?,$0.026539,?,$689,-0.55%,-26.45%,16.04%
1025,TCOINT-coin,TCOIN,?,$0.000113,?,$610,96.76%,-5.92%,-5.35%
1026,ZBCZilbercoin,ZBC,?,$0.045035,?*,$590,0.97%,-4.12%,-13.89%
1027,OMCOmicron,OMC,?,$0.128764,?*,$586,-0.55%,-43.13%,-39.95%
1028,MOTOMotocoin,MOTO,?,$0.007494,?,$571,8.93%,-35.80%,91.62%
1029,ATMCATMCoin,ATMC,?,$1.14,?*,$513,-0.55%,-4.39%,0.02%
1030,HALLOHalloween Coin,HALLO,?,$0.000169,?,$511,10.76%,-5.44%,-9.40%
1031,FCFacecoin,FC,?,$0.011088,?*,Low Vol,-0.37%,-25.75%,-52.55%
1032,SKULLPirate Blocks,SKULL,?,$0.001655,?,Low Vol,3.28%,-4.21%,-57.82%
1033,PCNPeepCoin,PCN,?,$0.000057,?*,Low Vol,-0.55%,-4.39%,23.77%
1034,LAZLazaruscoin,LAZ,?,$0.001310,?*,Low Vol,-6.01%,-28.66%,-17.16%
1035,SIFTSmart Investm...,SIFT,?,$2.86,?*,Low Vol,5.86%,-6.36%,-21.16%
1036,HDLBHODL Bucks,HDLB,?,$0.099093,?*,Low Vol,1.01%,-4.92%,14.52%
1037,GAYGAY Money,GAY,?,$0.018509,?,Low Vol,9.05%,0.88%,-10.42%
1038,SHNDStrongHands,SHND,?,$2.3e-08,?,Low Vol,32.78%,-20.86%,-42.80%
1039,GOKUGokucoin,GOKU,?,$0.014809,?,Low Vol,-0.55%,-5.57%,5.18%
1040,TOPTopCoin,TOP,?,$0.000285,?,Low Vol,-27.48%,-60.15%,-63.90%
1041,CNXCryptonex,CNX,?,$1.68,?,Low Vol,-0.64%,0.12%,-33.97%
1042,EMVEthereum Movi...,EMV,?,$0.138607,?*,Low Vol,-0.33%,-49.64%,-33.56%
1043,BGRBongger,BGR,?,$0.000120,?,Low Vol,-1.05%,?,?
1044,MONEYMoneyCoin,MONEY,?,$0.000057,?,Low Vol,-0.55%,-4.39%,0.02%
1045,ZENGOLDZenGold,ZENGOLD,?,$0.076621,?*,Low Vol,1.18%,-0.06%,-41.71%
1046,AVAvatarCoin,AV,?,$0.020559,?*,Low Vol,-0.28%,-18.02%,-21.26%
1047,SNAKESnakeEyes,SNAKE,?,$0.032601,?*,Low Vol,-1.70%,-16.24%,-18.20%
1048,WOWWowcoin,WOW,?,$0.000057,?,Low Vol,-0.59%,-57.44%,-49.76%
1049,GMXGoldMaxCoin,GMX,?,$0.002419,?*,Low Vol,-0.59%,138.92%,118.39%
1050,MRNGMorningStar,MRNG,?,$0.000797,?*,Low Vol,-7.18%,-1.39%,4.32%
1051,HCCHappy Creator...,HCC,?,$0.000228,?*,Low Vol,-0.55%,-23.51%,-19.98%
1052,APCAlpaCoin,APC,?,$0.057463,?,Low Vol,-0.55%,-3.81%,-16.74%
1053,FIDBITFID,FID,?,$0.113900,?*,Low Vol,-0.55%,?,0.14%
1054,VOYAVoyacoin,VOYA,?,$1.99,?,Low Vol,-0.56%,-3.35%,3.19%
1055,IQTiQuant,IQT,?,$0.227279,?*,Low Vol,-0.47%,-35.12%,-40.44%
1056,HNCHuncoin,HNC,?,$0.000740,?,Low Vol,-0.55%,-30.33%,-37.21%
1057,TODAYTodayCoin,TODAY,?,$0.000740,?,Low Vol,-0.57%,-21.05%,-8.34%
1058,BESTBestChain,BEST,?,$0.001244,?,Low Vol,-0.54%,-6.97%,-18.78%
1059,ROYALRoyalCoin,ROYAL,?,$0.002961,?,Low Vol,-1.50%,-8.53%,?
1060,HYPERHyper,HYPER,?,$0.030255,?,Low Vol,-0.57%,-36.84%,-20.27%
1061,BATBatCoin,BAT,?,$0.000002,?,Low Vol,-28.66%,-28.37%,-35.71%
1062,MARXMarxCoin,MARX,?,$0.000764,?,Low Vol,-4.32%,-29.77%,-43.20%
1063,NBITnetBit,NBIT,?,$0.029329,?*,Low Vol,-0.57%,-6.21%,-7.49%
1064,EDRCEDRCoin,EDRC,?,$0.035538,?*,Low Vol,-0.61%,3.10%,1.86%
1065,PRIMUPrimulon,PRIMU,?,$0.000115,?,Low Vol,-31.12%,-35.68%,-42.50%
1066,CBDCBD Crystals,CBD,?,$0.001765,?*,Low Vol,6.32%,-4.39%,?
1067,BUBBubble,BUB,?,$0.036106,?*,Low Vol,6.39%,19.56%,-36.58%
1068,MAVROMavro,MAVRO,?,$0.008486,?,Low Vol,5.60%,13.96%,20.88%
1069,FAZZFazzcoin,FAZZ,?,$0.001410,?*,Low Vol,-0.55%,26.35%,21.02%
1070,DBGDigital Bulli...,DBG,?,$0.003417,?*,Low Vol,6.53%,2.44%,5.31%
1071,DISKDarkLisk,DISK,?,$0.000683,?,Low Vol,-0.55%,-4.39%,?
1072,YESYescoin,YES,?,$0.000003,?,Low Vol,-0.93%,-35.37%,-90.61%
1073,MMXVIMMXVI,MMXVI,?,$0.002392,?,Low Vol,-0.55%,-10.66%,-17.23%
1074,LDCNLandCoin,LDCN,?,$0.001556,?*,Low Vol,-0.16%,-31.49%,-38.47%
1075,XSTCSafe Trade Coin,XSTC,?,$0.000057,?*,Low Vol,-0.55%,?,0.02%
1076,VGCVegasCoin,VGC,?,$0.000850,?,Low Vol,-0.61%,-4.84%,-6.74%
1077,DCREDeltaCredits,DCRE,?,$0.150007,?*,Low Vol,-0.57%,-16.75%,?
1078,SAKSharkcoin,SAK,?,$0.001771,?,Low Vol,-0.57%,-11.14%,-24.05%
1079,XLCLeviarCoin,XLC,?,$0.016306,?*,Low Vol,-0.55%,-67.86%,-39.03%
1080,URUR,UR,?,$0.000566,?,Low Vol,-0.64%,-26.81%,-18.42%
1081,COUPECoupecoin,COUPE,?,$0.000021,?*,Low Vol,-0.65%,273.47%,185.24%
1082,X2X2,X2,?,$0.000057,?*,Low Vol,-0.55%,-52.20%,-0.12%
1083,XTDXTD Coin,XTD,?,$0.000057,?,Low Vol,-0.55%,-4.39%,-23.45%
1084,XQNQuotient,XQN,?,$0.007005,?*,Low Vol,8.93%,-5.92%,51.50%
1085,GRNGranite,GRN,?,$0.009682,?,Low Vol,-0.57%,4.23%,-22.96%
1086,REGARegacoin,REGA,?,$0.001139,?,Low Vol,-0.55%,-31.71%,-60.95%
1087,FONZFonziecoin,FONZ,?,$0.000285,?*,Low Vol,-0.57%,-4.35%,-0.01%
1088,BLAZRBlazerCoin,BLAZR,?,$0.000797,?,Low Vol,-4.40%,-17.37%,-33.23%
1089,DASHSDashs,DASHS,?,$0.019932,?,Low Vol,-9.20%,18.72%,-24.96%
1090,FFCFireFlyCoin,FFC,?,$0.000086,?,Low Vol,49.61%,43.76%,1.63%
1091,RBBTRabbitCoin,RBBT,?,$0.000001,?,Low Vol,-3.45%,-31.55%,-95.03%
1092,XAUXaucoin,XAU,?,$0.013212,?,Low Vol,-0.75%,-4.76%,-29.03%
1093,CYDERCyder,CYDER,?,$0.000570,?*,Low Vol,-0.55%,-2.21%,-17.51%
1094,WINKWink,WINK,?,$0.000171,?*,Low Vol,-0.57%,-5.01%,-24.98%
1095,MAGNMagnetcoin,MAGN,?,$0.684285,?,Low Vol,-22.87%,-31.61%,-20.02%
1096,GMLGameLeagueCoin,GML,?,$0.006435,?*,Low Vol,-0.57%,-4.35%,?
1097,ANIAnimecoin,ANI,?,$0.000114,?,Low Vol,-0.57%,-26.05%,-17.77%
1098,ELTC2eLTC,ELTC2,?,$0.000277,?*,Low Vol,-0.33%,-14.04%,329.67%
1099,QBTCubits,QBT,?,$0.001481,?,Low Vol,-0.57%,8.70%,2.94%
1100,BXCBitcedi,BXC,?,$0.002057,?,Low Vol,2.59%,-4.07%,-26.67%
1101,SHELLShellCoin,SHELL,?,$0.034740,?*,Low Vol,-0.57%,43.10%,84.29%
1102,GBRCGlobal Busine...,GBRC,?,$0.000114,?,Low Vol,-0.55%,-4.39%,-20.32%
1103,MONETAMoneta,MONETA,?,$0.000285,?,Low Vol,-0.55%,-31.70%,-29.55%
1104,PECPeacecoin,PEC,?,$0.002107,?*,Low Vol,-0.57%,-63.15%,-80.06%
1105,XVEThe Vegan Ini...,XVE,?,$0.000285,?*,Low Vol,6.39%,-4.39%,-28.14%
1106,BITFirst Bitcoin,BIT,?,$0.014181,?,Low Vol,-0.55%,0.45%,8.29%
1107,FUTCFutCoin,FUTC,?,$0.001595,?,Low Vol,-0.57%,-7.65%,-32.47%
1108,MBLMobileCash,MBL,?,$0.000570,?,Low Vol,-0.55%,-11.78%,-29.56%
1109,AXIOMAxiom,AXIOM,?,$0.011105,?,Low Vol,-0.57%,-4.39%,0.02%
1110,OPESOpescoin,OPES,?,$0.001424,?,Low Vol,-0.55%,-14.62%,-30.41%
1111,KASHHKashhCoin,KASHH,?,$0.000057,?*,Low Vol,-0.56%,-4.43%,?
1112,BITOKBitok,BITOK,?,$0.000057,?*,Low Vol,-0.55%,-4.39%,10.98%
1113,TERATeraCoin,TERA,?,$0.000057,?,Low Vol,?,?,0.07%
1114,DONDonationcoin,DON,?,$0.000455,?,Low Vol,-0.59%,0.02%,-22.17%
1115,BLXBlockchain Index,BLX,?,$1.59,?*,Low Vol,15.43%,10.99%,-0.21%
1116,FRWCFrankyWillCoin,FRWC,?,$0.002335,?,Low Vol,-0.57%,-11.51%,-18.88%
1117,CHEAPCheapcoin,CHEAP,?,$0.000228,?*,Low Vol,-0.55%,-4.39%,-0.03%
1118,TCRTheCreed,TCR,?,$0.000285,?,Low Vol,-0.57%,19.51%,0.02%
1119,SKCSkeincoin,SKC,?,$0.001822,?,Low Vol,-0.57%,?,-8.50%
1120,CLINTClinton,CLINT,?,$0.007859,?*,Low Vol,-0.55%,-4.35%,-8.40%
1121,WECWowecoin,WEC,?,$0.129000,?*,Low Vol,0.00%,0.00%,15.18%
1122,ELCElacoin,ELC,?,$0.124037,?,Low Vol,-0.55%,-7.25%,73.13%
1123,TELLTellurion,TELL,?,$0.000058,?,Low Vol,-0.71%,-8.32%,-11.61%
1124,XDE2XDE II,XDE2,?,$3.38,?*,Low Vol,-0.55%,?,18.76%
1125,UNRCUniversalRoya...,UNRC,?,$0.000740,?*,Low Vol,-0.55%,-11.22%,-11.80%
1126,RHFCRHFCoin,RHFC,?,$0.000854,?*,Low Vol,-0.55%,?,-3.71%
1127,ACESAces,ACES,?,$0.000057,?*,Low Vol,-0.55%,-29.56%,-42.41%
1128,SYNCSync,SYNC,?,$313.80,?*,Low Vol,-0.57%,-4.35%,-31.10%
1129,AXFAxFunds,AXF,?,$0.085254,?,Low Vol,-0.55%,-56.29%,?
1130,EXLExcelcoin,EXL,?,$0.000342,?,Low Vol,-0.55%,-4.39%,44.48%
1131,QBCQuebecoin,QBC,?,$0.001025,?,Low Vol,-0.57%,-9.38%,-4.28%
1132,LTHLAthaan,LTH,?,$0.000399,?,Low Vol,-0.57%,-4.39%,0.16%
1133,GAINUGAIN,GAIN,?,$0.000854,?,Low Vol,-0.55%,26.65%,?
1134,PDGPinkDog,PDG,?,$0.000057,?,Low Vol,-0.55%,?,-66.66%
1135,CYCCycling Coin,CYC,?,$0.001367,?*,Low Vol,-0.55%,-18.05%,-22.55%
1136,ACNAvoncoin,ACN,?,$0.000399,?*,Low Vol,-0.55%,11.24%,-5.32%
1137,RICHXRichCoin,RICHX,?,$0.004898,?,Low Vol,-0.55%,?,-14.96%
1138,OPOperand,OP,?,$0.000911,?*,Low Vol,-0.55%,-4.39%,-11.10%
1139,ZSEZSEcoin,ZSE,?,$0.007631,?,Low Vol,-0.55%,-6.55%,-5.07%
1140,CCCyberCoin,CC,?,$0.000057,?*,Low Vol,-0.55%,?,-42.41%
1141,CMECashme,CME,?,$0.000057,?,Low Vol,-0.55%,-4.33%,?
1142,PAYPPayPeer,PAYP,?,$0.000057,?,Low Vol,-0.55%,-4.99%,0.02%
1143,TURBOTurboCoin,TURBO,?,$0.000057,?*,Low Vol,-0.55%,-4.39%,0.00%
1144,UNCUNCoin,UNC,?,$0.000057,?*,Low Vol,-0.57%,-4.35%,0.02%
1145,TOPAZTopaz Coin,TOPAZ,?,$0.074092,?,Low Vol,-0.55%,-15.22%,-8.25%
1146,MENPeopleCoin,MEN,?,$0.000570,?,Low Vol,-0.55%,6.23%,1.73%
1147,BACBitAlphaCoin,BAC,?,$0.002335,?,Low Vol,-0.55%,-4.39%,-20.58%
1148,OCOWOCOW,OCOW,?,$0.003987,?,Low Vol,-0.55%,-17.38%,-19.36%
1149,POKEPokeCoin,POKE,?,$0.000057,?,Low Vol,-0.55%,-52.20%,-50.00%
1150,LKCLinkedCoin,LKC,?,$0.000114,?,Low Vol,-0.57%,-36.26%,-21.21%
1151,SPORTSportsCoin,SPORT,?,$0.000740,?*,Low Vol,-0.55%,-4.39%,?
1152,DUBDubstep,DUB,?,$0.001196,?*,Low Vol,-0.55%,-16.34%,-14.63%
1153,IRLIrishCoin,IRL,?,$0.001538,?,Low Vol,-0.57%,-4.38%,30.34%
1154,PRMPrismChain,PRM,?,$0.000513,?*,Low Vol,-0.57%,-38.54%,-46.56%
1155,SKRSakuracoin,SKR,?,$0.001028,?,Low Vol,-0.57%,-17.99%,-25.59%
1156,ANTXAntimatter,ANTX,?,$0.000025,?,Low Vol,-0.59%,-10.71%,-55.65%
1157,TEAMTeamUp,TEAM,?,$0.000114,?*,Low Vol,-0.55%,-23.42%,?
1158,IVZInvisibleCoin,IVZ,?,$0.289648,?*,Low Vol,-0.57%,?,-16.13%
1159,NXXNexxus,NXX,?,$0.001109,?*,Low Vol,-0.37%,?,?
1160,GUCGoldUnionCoin,GUC,?,$0.514031,?*,Low Vol,-0.45%,-14.60%,-20.20%
1161,TRICKTrickyCoin,TRICK,?,$0.008258,?,Low Vol,-0.55%,-14.43%,-2.66%
1162,SHASHACoin,SHA,?,$0.000797,?,Low Vol,-0.57%,-4.39%,?
1163,ETXEtherx,ETX,?,$1.42,?*,Low Vol,-0.57%,-4.71%,?
1164,ASCAsicCoin,ASC,?,$0.000527,?,Low Vol,-1.05%,23.97%,-18.88%
1165,EFYTErgo,EFYT,?,$6.85,?*,Low Vol,0.18%,-2.81%,1.14%
1166,NBEBitCentavo,NBE,?,$0.000003,?,Low Vol,-0.36%,-37.75%,-94.02%
1167,BIRDSBirds,BIRDS,?,$0.000050,?,Low Vol,-1.92%,-58.21%,?
1168,FLAPFlappyCoin,FLAP,?,$8.8e-07,?,Low Vol,-1.86%,25.99%,-42.46%
1169,KARMAKarmacoin,KARMA,?,$0.000057,?,Low Vol,?,?,-0.77%
1170,QORAQora,QORA,?,$0.180890,?*,Low Vol,?,?,10.25%
1171,WSXWeAreSatoshi,WSX,?,$0.001763,?,Low Vol,?,?,?
1172,PSYPsilocybin,PSY,?,$0.016659,?,Low Vol,?,?,6.72%
1173,SOULSoulCoin,SOUL,?,$0.000059,?,Low Vol,?,?,3.68%
1174,SFESafeCoin,SFE,?,$0.000060,?,Low Vol,?,?,5.70%
1175,GOLFGolfcoin,GOLF,?,$0.000060,?,Low Vol,?,?,5.70%
1176,MGMind Gene,MG,?,$0.014659,?,Low Vol,?,?,-0.79%
1177,RCNRcoin,RCN,?,$0.000058,?,Low Vol,0.36%,-3.37%,?
1178,NTCCNeptune Classic,NTCC,?,$0.000571,?,Low Vol,?,?,?
1179,UTAUtaCoin,UTA,?,$0.001724,?*,Low Vol,?,?,12.87%
1180,TLETattoocoin (L...,TLE,?,$0.119062,?*,Low Vol,?,-0.11%,33.19%
1181,PIPiCoin,PI,?,$0.003017,?,Low Vol,-0.61%,-5.01%,-73.49%
1182,ADKAidos Kuneen,ADK,?,$22.60,?*,Low Vol,?,?,-0.78%
1183,MIUMIYUCoin,MIU,?,$0.000060,?,Low Vol,?,?,5.70%
1184,XRYRoyalties,XRY,?,$0.033077,?,Low Vol,?,?,-35.18%
1185,EDOGEEtherDoge,EDOGE,?,$0.001747,?*,Low Vol,?,?,2916.57%
1186,MRCmicroCoin,MRC,?,$0.000057,?*,?,?,?,0.59%
1187,DMCDynamicCoin,DMC,?,$1.00,?,?,?,?,0.00%
1188,XBGBTCGold,XBG,?,$0.002859,?,?,?,?,11.54%
